--
-- PostgreSQL database dump
--

\restrict mf2eacNw7tacQ262lcR3zlrc7RUh50w7RyA7Cw4jVW5ToWIcHPWIIPYQm7um85Q

-- Dumped from database version 17.6
-- Dumped by pg_dump version 18.2

SET statement_timeout = 0;
SET lock_timeout = 0;
SET idle_in_transaction_session_timeout = 0;
SET transaction_timeout = 0;
SET client_encoding = 'UTF8';
SET standard_conforming_strings = on;
SELECT pg_catalog.set_config('search_path', '', false);
SET check_function_bodies = false;
SET xmloption = content;
SET client_min_messages = warning;
SET row_security = off;

--
-- Data for Name: Customer; Type: TABLE DATA; Schema: public; Owner: -
--

INSERT INTO public."Customer" VALUES ('07942866-70be-4ab2-868c-c1681ddb614b', 'ansupal01@gmail.com', NULL, 'test', NULL, '$2b$12$UkleLs8qGxw2Xzctmxl.yeZa.F/VoY3SYkyD2b.VdxXLqvItQyU0.', 'local', NULL, NULL, '2026-04-25 09:02:39.647', '2026-04-25 09:02:39.647');
INSERT INTO public."Customer" VALUES ('01f2e9b4-9c13-48d1-8527-858fa520f4c3', 'komitrajput63@gmail.com', NULL, 'Komit Rajput', NULL, '$2b$12$nKHdMdft1ocD/EwORPMU6.ipZEuH8ojMioWN8GItiyLtObBrArYkS', 'local', NULL, NULL, '2026-04-27 09:06:09.334', '2026-04-27 09:06:09.334');
INSERT INTO public."Customer" VALUES ('e20c28fe-a060-4692-b7b6-6667e03b0834', 'rejilalohithakshan@gmail.com', NULL, 'Rejila', NULL, '$2b$12$ZJQWlyca1B4Mx6X8FgUrPulayIyW4x5k6hWhLt1Vs6ZL0Qk8VPgIm', 'local', NULL, NULL, '2026-04-28 04:22:31.165', '2026-04-28 04:22:31.165');
INSERT INTO public."Customer" VALUES ('1d7e50c8-24e2-4f09-b8e3-730a040b77cf', 'noopurgupta@hotmail.com', NULL, 'NOOPUR GUPTA', NULL, '$2b$12$lxlY9crUjKwZE11M9VbsMu8t3F7WvRGKBpjUnE76futDwjh24WmwS', 'local', NULL, NULL, '2026-04-28 06:14:32.03', '2026-04-28 06:14:32.03');
INSERT INTO public."Customer" VALUES ('db3a1eaa-c88b-4a5b-b471-fb9d803cff81', 's.mahima123@gmail.com', NULL, 'Mahima s', NULL, '$2b$12$1UiSOOEAoNWQBARSWIyzW.R/QHGJtYQqj0GUxtLtEsnZ0wV5rOQ4i', 'local', NULL, NULL, '2026-04-28 07:50:39.483', '2026-04-28 07:50:39.483');
INSERT INTO public."Customer" VALUES ('b4c3a3d8-4c6b-4cb4-bdd9-930faf938ab7', 'sugeesh1978@yahoo.com', NULL, 'Noopur  Gupta', 'female', '$2b$12$KBGTOSJP7JUSGXoQMFKxnOABuknYaVI6fosUbgA90FavAlxLUDB/S', 'local', NULL, NULL, '2026-04-28 16:28:04.541', '2026-04-28 16:50:55.047');
INSERT INTO public."Customer" VALUES ('98bf454e-0b0f-4261-a02a-7f8a37d1630d', 'mona.miracles@gmail.com', NULL, 'Mona Choudhary', NULL, '$2b$12$STjUCmNyN5kBKNb.XG25f.bXkUdctmwILfvUMaeBCB9zOxqltb4ga', 'local', NULL, NULL, '2026-04-29 04:22:49.001', '2026-04-29 04:22:49.001');
INSERT INTO public."Customer" VALUES ('4e23e4b5-f675-4ed2-9ace-bf9f0dcd6d0f', 'ranjeer.p.clt@gmail.com', NULL, 'Ranjeer P', NULL, '$2b$12$1FHHMOUcICkE0x0vXRdle.yE53PUl5RWmuJv/FITrXT5Qxizw.sMq', 'local', NULL, NULL, '2026-04-29 13:22:52.993', '2026-04-29 13:22:52.993');
INSERT INTO public."Customer" VALUES ('bb5f4039-1db1-4647-8a9f-d7910aa62c91', 'manojcashier57@gmail.com', NULL, 'MANOJ KUMAR', NULL, '$2b$12$F.wksI4eZyXmsOpF4G5HVuVQSKaUgRHwrIF7n8elo5NUa0GGAd84S', 'local', NULL, NULL, '2026-05-01 02:09:33.774', '2026-05-01 02:09:33.774');


--
-- Data for Name: Address; Type: TABLE DATA; Schema: public; Owner: -
--

INSERT INTO public."Address" VALUES ('4b6bfbf1-8dc5-475e-9a09-6fa3c8e6e133', 'b4c3a3d8-4c6b-4cb4-bdd9-930faf938ab7', 'Noopur Gupta', '9868449673', '506/Y1,5th floor, Yamuna Block,D6 , Vasant Kunj, Near Masoodpur Flyover, New Delhi', 'Apartment', 'New Delhi', 'New Delhi', '110070', '2026-04-28 16:54:25.584', '2026-04-28 16:54:25.584');


--
-- Data for Name: Admin; Type: TABLE DATA; Schema: public; Owner: -
--

INSERT INTO public."Admin" VALUES ('bc5fd466-17c2-4f79-b4b6-9a1a3bb651ec', 'admin@example.com', 'admin123', false, NULL, NULL, '2026-04-25 05:43:57.574', '2026-04-25 05:43:57.574');
INSERT INTO public."Admin" VALUES ('46f8a3c9-b27e-4c55-8d14-948f8635fd74', 'swatigunjan1@gmail.com', 'admin123', false, NULL, NULL, '2026-04-25 05:49:25.972', '2026-04-30 07:39:46.689');
INSERT INTO public."Admin" VALUES ('9e79472a-d3e8-4f84-9660-01d1907ff7f4', 'admin@admin.com', NULL, false, NULL, NULL, '2026-04-30 08:11:30.731', '2026-04-30 08:11:30.731');


--
-- Data for Name: Banner; Type: TABLE DATA; Schema: public; Owner: -
--



--
-- Data for Name: Category; Type: TABLE DATA; Schema: public; Owner: -
--

INSERT INTO public."Category" VALUES ('d95bc219-c235-4e52-9593-d12b491f8abd', 'Ethnic Wear', 'Traditional and elegant ethnic wear', '2026-04-25 06:12:25.382');
INSERT INTO public."Category" VALUES ('ad97e691-78ce-4497-94bc-65025e7c4c23', 'kurta set', NULL, '2026-04-25 09:24:40.06');
INSERT INTO public."Category" VALUES ('013fac9e-9fcd-4f20-a873-a2e9cc7190ba', 'KURTA SET WITH DUPATTA', NULL, '2026-04-25 09:48:25.649');


--
-- Data for Name: Collection; Type: TABLE DATA; Schema: public; Owner: -
--

INSERT INTO public."Collection" VALUES ('92ebe55e-a7f7-4dcf-8666-921c38f4614a', 'bestseller', '', 'https://urqngkygaqaoiwdbqjtj.supabase.co/storage/v1/object/public/uploads/product-1777103351273.webp', 1, '2026-04-25 07:49:13.206');
INSERT INTO public."Collection" VALUES ('bd4b5c35-f627-4ab8-a217-fa3c509e5db9', 'The Everyday Muse', '', 'https://urqngkygaqaoiwdbqjtj.supabase.co/storage/v1/object/public/uploads/product-1777105901383.webp', 2, '2026-04-25 08:31:44.083');
INSERT INTO public."Collection" VALUES ('a852100a-2a1e-416c-b5c8-206f44732279', 'Timeless Edit', '', 'https://urqngkygaqaoiwdbqjtj.supabase.co/storage/v1/object/public/uploads/product-1777105928323.webp', 3, '2026-04-25 08:32:10.315');


--
-- Data for Name: ContactMessage; Type: TABLE DATA; Schema: public; Owner: -
--



--
-- Data for Name: Coupon; Type: TABLE DATA; Schema: public; Owner: -
--



--
-- Data for Name: GlobalSetting; Type: TABLE DATA; Schema: public; Owner: -
--

INSERT INTO public."GlobalSetting" VALUES ('default', false, '2026-04-25 05:43:58.358');


--
-- Data for Name: MobileOtp; Type: TABLE DATA; Schema: public; Owner: -
--



--
-- Data for Name: Order; Type: TABLE DATA; Schema: public; Owner: -
--

INSERT INTO public."Order" VALUES ('3dde893e-696f-4e93-bfa9-c29a77f46dab', 1699, 'CANCELLED', '07942866-70be-4ab2-868c-c1681ddb614b', '2026-04-25 09:03:56.452', '2026-04-25 09:05:42.209', 'order_ShfYteAmGkgYZo', 'pay_ShfYyBvAYiqMgm', '257b065be717e6d4cfee8075061f6c50c38b3ded53318b275b4c28ebf01dd0bb', 'razorpay', 'Gof-INV-0001', '{"city": "Mathura", "email": "chetan.novarsis@gmail.com", "phone": "7771824784", "state": "Uttar Pradesh", "address": "Adress-Vrindavan Road, Mant Raja, Tehsil-Mant, Dist. Mathura-281202 (U.P.)", "pinCode": "281202", "fullName": "test test", "lastName": "test", "apartment": "", "firstName": "test", "paymentMethod": "razorpay"}', NULL, 'Cancelled by admin');
INSERT INTO public."Order" VALUES ('31be2f69-6077-4f45-bd1f-3ec06e0a3d78', 1699, 'CANCELLED', '07942866-70be-4ab2-868c-c1681ddb614b', '2026-04-25 10:02:03.775', '2026-04-25 10:10:09.792', 'order_ShgYFth7YcMCZW', 'pay_ShgYJxXPpyApCk', '503f72f07bd55261792adfc1c108d5aa781a856cdac3de1b34cb99410fec024e', 'razorpay', 'Gof-INV-0002', '{"city": "Mathura", "email": "chetan.novarsis@gmail.com", "phone": "7771824784", "state": "Uttar Pradesh", "address": "Adress-Vrindavan Road, Mant Raja, Tehsil-Mant, Dist. Mathura-281202 (U.P.)", "pinCode": "281202", "fullName": "test test", "lastName": "test", "apartment": "", "firstName": "test", "paymentMethod": "razorpay"}', NULL, 'Cancelled by admin');
INSERT INTO public."Order" VALUES ('05a1cac7-2cb2-4a7d-9121-9ce7264ff027', 2699, 'CANCELLED', '07942866-70be-4ab2-868c-c1681ddb614b', '2026-04-25 10:12:21.57', '2026-04-25 10:17:47.502', 'order_Shgj4CMP45O3uD', 'pay_ShgjDfGGfUZpsC', '3d53f08657ed91accc152973ce622bb8a513b3bc06a7848673b7b63b32fbedc8', 'razorpay', 'Gof-INV-0003', '{"city": "Mathura", "email": "chetan.novarsis@gmail.com", "phone": "7771824784", "state": "Uttar Pradesh", "address": "Adress-Vrindavan Road, Mant Raja, Tehsil-Mant, Dist. Mathura-281202 (U.P.)", "pinCode": "281202", "fullName": "test test", "lastName": "test", "apartment": "", "firstName": "test", "paymentMethod": "razorpay"}', NULL, 'Cancelled by admin');
INSERT INTO public."Order" VALUES ('e0eb5e25-b0f2-4da8-bf49-b10788b2c4a3', 1999, 'CANCELLED', '07942866-70be-4ab2-868c-c1681ddb614b', '2026-04-25 10:57:31.796', '2026-04-25 11:14:49.755', 'order_ShhUqsLE9kfW2K', 'pay_ShhUx1aBvRFkeS', '60ba85c67e9d356b52ada10ecaf4fdf135050eb2d362131176a3ed9123e6fe28', 'razorpay', 'Gof-INV-0004', '{"city": "Mathura", "email": "chetan.novarsis@gmail.com", "phone": "7771824784", "state": "Uttar Pradesh", "address": "Adress-Vrindavan Road, Mant Raja, Tehsil-Mant, Dist. Mathura-281202 (U.P.)", "pinCode": "281202", "fullName": "test test", "lastName": "test", "apartment": "", "firstName": "test", "paymentMethod": "razorpay"}', NULL, 'Cancelled by admin');
INSERT INTO public."Order" VALUES ('68f3668a-15f5-4fe2-8f9a-06bc95068dc0', 2399, 'CANCELLED', '07942866-70be-4ab2-868c-c1681ddb614b', '2026-04-25 11:11:11.254', '2026-04-25 11:18:12.371', 'order_ShhjHWMGKH1weG', 'pay_ShhjMaD13mYfgG', '4a902325554f9ef1e8213766af545795a2c9c5ee3462bc307a6feb71f351ac03', 'razorpay', 'GOE-INV-0001', '{"city": "Mathura", "email": "ansupal01@gmail.com", "phone": "7771824784", "state": "Uttar Pradesh", "address": "Adress-Vrindavan Road, Mant Raja, Tehsil-Mant, Dist. Mathura-281202 (U.P.)", "pinCode": "281202", "fullName": "test test", "lastName": "test", "apartment": "", "firstName": "test", "paymentMethod": "razorpay"}', NULL, 'Cancelled by admin');
INSERT INTO public."Order" VALUES ('38b327bd-9d48-4284-b6cb-312dd62947e0', 1699, 'CANCELLED', '07942866-70be-4ab2-868c-c1681ddb614b', '2026-04-25 11:41:08.76', '2026-04-25 12:10:15.912', 'order_ShiEpydKyGiMiJ', 'pay_ShiEzIqyndMDu5', 'df6c86d9b39d00c0570ada68a6618a1817ad4162f3a64361889059a4ec633b68', 'razorpay', 'GOE-INV-0002', '{"city": "Indore", "email": "ansupal01@gmail.com", "phone": "7771824784", "state": "Madhya Pradesh", "address": "Adress-Vrindavan Road, Mant Raja, Tehsil-Mant, Dist. Mathura-281202 (U.P.)", "pinCode": "452001", "fullName": "test test", "lastName": "test", "apartment": "", "firstName": "test", "paymentMethod": "razorpay"}', NULL, 'Cancelled by admin');
INSERT INTO public."Order" VALUES ('271740bc-a3d7-4e3a-889c-7c6ef3994815', 1599, 'CANCELLED', '07942866-70be-4ab2-868c-c1681ddb614b', '2026-04-25 12:16:37.158', '2026-04-25 12:30:41.482', 'order_Shiq7d1h6tPgR9', 'pay_ShiqO9fO7PXHxT', '7d09e17b6da0040976d199f4a359a4c6b5a43055941fe44e85b536a1c10de5df', 'razorpay', 'GOE-INV-0003', '{"city": "Mathura", "email": "chetan.novarsis@gmail.com", "phone": "7771824784", "state": "Uttar Pradesh", "address": "Adress-Vrindavan Road, Mant Raja, Tehsil-Mant, Dist. Mathura-281202 (U.P.)", "pinCode": "281202", "fullName": "test test", "lastName": "test", "apartment": "", "firstName": "test", "paymentMethod": "razorpay"}', NULL, 'Cancelled by admin');
INSERT INTO public."Order" VALUES ('7455f121-a59b-4c30-bbf0-17f83f78f67b', 1299, 'SHIPPED', '98bf454e-0b0f-4261-a02a-7f8a37d1630d', '2026-04-29 04:25:24.016', '2026-04-30 18:45:16.712', 'order_SjAwYqTvBkGHMK', 'pay_SjAwhSHfYCsIZL', '3851f9217afe254397336799916f0f38042b4cdc425003ace85ef20f609397e2', 'razorpay', 'GOE-INV-0006', '{"awb": "14112362134240", "city": "East Delhi", "email": "mona.miracles@gmail.com", "phone": "9717283122", "state": "Delhi", "address": "309 Block 2 Kirti Apartments, Mayur Vihar Phase I Extension", "pinCode": "110091", "fullName": "Mona Choudhary", "lastName": "Choudhary", "apartment": "", "firstName": "Mona", "courierName": "Xpressbees Surface", "paymentMethod": "razorpay", "lastStatusUpdate": "2026-04-30T18:45:16.712Z"}', NULL, NULL);
INSERT INTO public."Order" VALUES ('70ab56d1-dbff-45fc-aab1-f3dedac97bbb', 2099, 'CANCELLED', '07942866-70be-4ab2-868c-c1681ddb614b', '2026-04-29 07:00:39.928', '2026-04-29 07:01:56.531', 'order_SjDahmd0kD3onX', 'pay_SjDb9zllPPbY0b', 'dd019436b0c6c0c5d25c75382edda0c28437660f8a5d27a139655078f28d80a1', 'razorpay', 'GOE-INV-0007', '{"city": "Mathura", "email": "ansupal01@gmail.com", "phone": "7771824784", "state": "Uttar Pradesh", "address": "Adress-Vrindavan Road, Mant Raja, Tehsil-Mant, Dist. Mathura-281202 (U.P.)", "pinCode": "281202", "fullName": "test test", "lastName": "test", "apartment": "", "firstName": "test", "paymentMethod": "razorpay"}', NULL, 'Cancelled by admin');
INSERT INTO public."Order" VALUES ('ebe14aec-920c-4048-965d-004bdd82fb66', 2399, 'in_transit', 'b4c3a3d8-4c6b-4cb4-bdd9-930faf938ab7', '2026-04-28 16:57:40.784', '2026-04-29 11:22:37.508', 'order_SizDG8nfutHeTr', 'pay_SizEM8Gvtl1IQn', '11082a3f763d194c2e17a1a2de53607903fa4984523d5119c912484b2217c394', 'razorpay', 'GOE-INV-0005', '{"awb": "14112362133812", "city": "South West Delhi", "email": "sugeesh1978@yahoo.com", "phone": "9868449673", "state": "Delhi", "address": "506/Y1,5th floor, Yamuna Block,D6 , Vasant Kunj, Near Masoodpur Flyover, New Delhi", "pinCode": "110070", "fullName": "Noopur  Gupta", "lastName": " Gupta", "apartment": "Apartment", "firstName": "Noopur", "courierName": "Xpressbees Surface", "paymentMethod": "razorpay", "lastStatusUpdate": "2026-04-29T11:22:37.508Z"}', NULL, NULL);
INSERT INTO public."Order" VALUES ('668f0e16-a959-4347-b413-029ad7c02104', 2099, 'SHIPPED', 'e20c28fe-a060-4692-b7b6-6667e03b0834', '2026-04-28 04:30:09.508', '2026-04-30 18:21:00.676', 'order_SimTuRLfY3gfey', 'pay_SimUX09s86xdVt', '6a31eca188bc6a05d8a33674bf7cc29f69d64ac30d4799aaf28d63c65f91519f', 'razorpay', 'GOE-INV-0004', '{"awb": "SF3158093783KR", "city": "Kozhikode", "email": "rejilalohithakshan@gmail.com", "phone": "9747000112", "state": "Kerala", "address": "Nirmala Bavan", "pinCode": "673001", "fullName": "Rejila Lohithakshan", "lastName": "Lohithakshan", "apartment": "65/1960, Kannur road, opp. Galaxy magnum opus", "firstName": "Rejila", "courierName": "Shadowfax Surface", "paymentMethod": "razorpay", "lastStatusUpdate": "2026-04-30T18:21:00.676Z"}', NULL, NULL);
INSERT INTO public."Order" VALUES ('2d221c3a-0b30-4fdc-8df0-b525bb2ac350', 1899, 'CANCELED', NULL, '2026-04-30 12:06:28.547', '2026-04-30 12:06:50.738', NULL, NULL, NULL, 'UPI', 'Gof-INV-9387', '{"city": "Eranhipalam ", "email": "s.mahima123@gmail.com", "phone": "7736873775", "state": "Kerala", "address": "Mahima s perumpullysherry house, Chakkorathukulam, Surabhi Nagar,  Eranhipalam p.o", "pinCode": "673006", "lastName": "s", "firstName": "Mahima"}', NULL, 'Cancelled by admin');
INSERT INTO public."Order" VALUES ('43fc6a26-7274-422f-bf3f-ce47ec50c400', 1899, 'unknown', NULL, '2026-04-30 12:06:26.695', '2026-04-30 12:37:26.882', NULL, NULL, NULL, 'UPI', 'Gof-INV-4036', '{"awb": "369000508511", "city": "Eranhipalam ", "email": "s.mahima123@gmail.com", "phone": "7736873775", "state": "Kerala", "address": "Mahima s perumpullysherry house, Chakkorathukulam, Surabhi Nagar,  Eranhipalam p.o", "pinCode": "673006", "lastName": "s", "firstName": "Mahima", "courierName": "Amazon Prepaid Surface 500g", "lastStatusUpdate": "2026-04-30T12:37:26.882Z"}', NULL, NULL);


--
-- Data for Name: OrderActivity; Type: TABLE DATA; Schema: public; Owner: -
--

INSERT INTO public."OrderActivity" VALUES ('efbd2590-803f-4b66-9708-88280ccfbb3c', '3dde893e-696f-4e93-bfa9-c29a77f46dab', 'ORDER_PLACED', 'Order placed and paid successfully.', '2026-04-25 09:03:59.86');
INSERT INTO public."OrderActivity" VALUES ('87703a43-c702-4b77-bed7-e034ab83c56c', '3dde893e-696f-4e93-bfa9-c29a77f46dab', 'ORDER_CANCELLED', 'Order cancelled by admin. Reason: Cancelled by admin', '2026-04-25 09:05:42.744');
INSERT INTO public."OrderActivity" VALUES ('6ef74315-d5ff-4eb0-8307-843653aa23f3', '31be2f69-6077-4f45-bd1f-3ec06e0a3d78', 'ORDER_PLACED', 'Order placed and paid successfully.', '2026-04-25 10:02:05.585');
INSERT INTO public."OrderActivity" VALUES ('ef165717-d7db-4e9b-9ec6-de5cb646945c', '31be2f69-6077-4f45-bd1f-3ec06e0a3d78', 'ORDER_CANCELLED', 'Order cancelled by admin. Reason: Cancelled by admin', '2026-04-25 10:10:10.408');
INSERT INTO public."OrderActivity" VALUES ('185b4c48-1558-484a-9736-61a7de893e80', '05a1cac7-2cb2-4a7d-9121-9ce7264ff027', 'ORDER_PLACED', 'Order placed and paid successfully.', '2026-04-25 10:12:23.67');
INSERT INTO public."OrderActivity" VALUES ('7164e9e4-a5f7-4b20-a720-1d8786af76a7', '05a1cac7-2cb2-4a7d-9121-9ce7264ff027', 'ORDER_CANCELLED', 'Order cancelled by admin. Reason: Cancelled by admin', '2026-04-25 10:17:48.041');
INSERT INTO public."OrderActivity" VALUES ('814c7d68-a877-470d-a673-d2c74cad52bf', 'e0eb5e25-b0f2-4da8-bf49-b10788b2c4a3', 'ORDER_PLACED', 'Order placed and paid successfully.', '2026-04-25 10:57:33.712');
INSERT INTO public."OrderActivity" VALUES ('a912b6a7-deda-4191-ac07-bb220260acff', '68f3668a-15f5-4fe2-8f9a-06bc95068dc0', 'ORDER_PLACED', 'Order placed and paid successfully.', '2026-04-25 11:11:13.087');
INSERT INTO public."OrderActivity" VALUES ('345d3cbf-e7ab-4010-bc20-c725397ce9ba', 'e0eb5e25-b0f2-4da8-bf49-b10788b2c4a3', 'ORDER_CANCELLED', 'Order cancelled by admin. Reason: Cancelled by admin', '2026-04-25 11:14:50.301');
INSERT INTO public."OrderActivity" VALUES ('3e6f13a2-eb49-4d94-98fb-f07d2f968ed7', '68f3668a-15f5-4fe2-8f9a-06bc95068dc0', 'SHIPMENT_CREATED', 'Shipment manifested with Ekart Logistics Surface. AWB: SRSP3517066565', '2026-04-25 11:15:26.791');
INSERT INTO public."OrderActivity" VALUES ('33ceb5e3-6917-475d-bb3c-467b04cabcea', '68f3668a-15f5-4fe2-8f9a-06bc95068dc0', 'LABEL_GENERATED', 'Shipping label generated successfully.', '2026-04-25 11:15:40.749');
INSERT INTO public."OrderActivity" VALUES ('81797fab-88bf-4b09-a68b-959f72318ee5', '68f3668a-15f5-4fe2-8f9a-06bc95068dc0', 'SHIPMENT_CANCELLED', 'Shipment 1303643116 has been cancelled.', '2026-04-25 11:16:02.337');
INSERT INTO public."OrderActivity" VALUES ('b4e8eff1-048e-4fc8-a747-b4310a110efa', '68f3668a-15f5-4fe2-8f9a-06bc95068dc0', 'ORDER_CANCELLED', 'Order cancelled by admin. Reason: Cancelled by admin', '2026-04-25 11:18:12.913');
INSERT INTO public."OrderActivity" VALUES ('94c2f176-171c-4e31-8193-3b106407b02a', '38b327bd-9d48-4284-b6cb-312dd62947e0', 'ORDER_PLACED', 'Order placed and paid successfully.', '2026-04-25 11:41:10.684');
INSERT INTO public."OrderActivity" VALUES ('d96419cb-6978-4833-97a1-c9b2358e8113', '38b327bd-9d48-4284-b6cb-312dd62947e0', 'ORDER_CANCELLED', 'Order cancelled by admin. Reason: Cancelled by admin', '2026-04-25 12:10:16.526');
INSERT INTO public."OrderActivity" VALUES ('50f404d4-2862-4f71-8366-05f45d34e003', '271740bc-a3d7-4e3a-889c-7c6ef3994815', 'ORDER_PLACED', 'Order placed and paid successfully.', '2026-04-25 12:16:39');
INSERT INTO public."OrderActivity" VALUES ('6078010e-d8d4-4b3d-be97-0ba45fe2b8c1', '271740bc-a3d7-4e3a-889c-7c6ef3994815', 'ORDER_CANCELLED', 'Order cancelled by admin. Reason: Cancelled by admin', '2026-04-25 12:30:42.159');
INSERT INTO public."OrderActivity" VALUES ('fac8ddc9-48dd-4b3f-9104-00aeeb0a5edb', '668f0e16-a959-4347-b413-029ad7c02104', 'ORDER_PLACED', 'Order placed and paid successfully.', '2026-04-28 04:30:10.9');
INSERT INTO public."OrderActivity" VALUES ('7db703bd-95f9-4aa4-b515-fdf9e868e057', '668f0e16-a959-4347-b413-029ad7c02104', 'SHIPMENT_CREATED', 'Shipment manifested with Amazon Prepaid Surface 500g. AWB: 368945883233', '2026-04-28 04:37:21.55');
INSERT INTO public."OrderActivity" VALUES ('7bce0747-8b6f-4770-96db-ef0fbd9783e6', '668f0e16-a959-4347-b413-029ad7c02104', 'LABEL_GENERATED', 'Shipping label generated successfully.', '2026-04-28 04:37:54.025');
INSERT INTO public."OrderActivity" VALUES ('2769f781-0c5c-4ecf-9eb2-aeec7b26184e', 'ebe14aec-920c-4048-965d-004bdd82fb66', 'ORDER_PLACED', 'Order placed and paid successfully.', '2026-04-28 16:57:42.158');
INSERT INTO public."OrderActivity" VALUES ('48c3ed3e-a1c0-4559-98ea-3ce1c3ba8940', 'ebe14aec-920c-4048-965d-004bdd82fb66', 'SHIPMENT_CREATED', 'Shipment manifested with Xpressbees Surface. AWB: 14112362133812', '2026-04-28 17:01:21.157');
INSERT INTO public."OrderActivity" VALUES ('481e6ee1-ca5e-42e5-9ac9-179a6a438651', '7455f121-a59b-4c30-bbf0-17f83f78f67b', 'ORDER_PLACED', 'Order placed and paid successfully.', '2026-04-29 04:25:25.451');
INSERT INTO public."OrderActivity" VALUES ('2ee1920f-7f1d-44f4-b010-0c9887edaa0e', '7455f121-a59b-4c30-bbf0-17f83f78f67b', 'SHIPMENT_CREATED', 'Shipment manifested with Xpressbees Surface. AWB: 14112362134240', '2026-04-29 04:30:34.178');
INSERT INTO public."OrderActivity" VALUES ('ac0c7dee-6863-403a-a2ee-b9be502a411c', '70ab56d1-dbff-45fc-aab1-f3dedac97bbb', 'ORDER_PLACED', 'Order placed and paid successfully.', '2026-04-29 07:00:45.211');
INSERT INTO public."OrderActivity" VALUES ('83c54990-aa61-4fcc-88a4-22cc1a3a5eeb', '70ab56d1-dbff-45fc-aab1-f3dedac97bbb', 'SHIPMENT_CREATED', 'Shipment manifested with Shadowfax Surface. AWB: SF3158100416KR', '2026-04-29 07:01:27.417');
INSERT INTO public."OrderActivity" VALUES ('9a5d93dd-dcf0-4f08-adc9-802b7eacb580', '70ab56d1-dbff-45fc-aab1-f3dedac97bbb', 'ORDER_CANCELLED', 'Order cancelled by admin. Reason: Cancelled by admin', '2026-04-29 07:01:57.156');
INSERT INTO public."OrderActivity" VALUES ('f302547e-dfd5-46f0-be18-f0b95657456d', '43fc6a26-7274-422f-bf3f-ce47ec50c400', 'PAID', 'Order created manually by Admin. Notes: ', '2026-04-30 12:06:26.695');
INSERT INTO public."OrderActivity" VALUES ('644d4ea2-a19c-4878-8dbe-c0776c606f43', '2d221c3a-0b30-4fdc-8df0-b525bb2ac350', 'PAID', 'Order created manually by Admin. Notes: ', '2026-04-30 12:06:28.547');
INSERT INTO public."OrderActivity" VALUES ('9d006927-a270-4357-9a06-4f33f2feedd0', '2d221c3a-0b30-4fdc-8df0-b525bb2ac350', 'ORDER_CANCELED', 'Order cancelled by admin. Reason: Cancelled by admin', '2026-04-30 12:06:51.423');
INSERT INTO public."OrderActivity" VALUES ('059d3ae2-58bd-4c1b-ac1d-945e52145137', '43fc6a26-7274-422f-bf3f-ce47ec50c400', 'SHIPMENT_CREATED', 'Shipment manifested with Ekart Logistics Surface. AWB: SRSP8369538951', '2026-04-30 12:24:27.27');
INSERT INTO public."OrderActivity" VALUES ('4720d09d-9a50-48fd-8f22-b1d94410d7c8', '668f0e16-a959-4347-b413-029ad7c02104', 'SHIPPED', 'Shiprocket webhook: IN TRANSIT (AWB: SF3158093783KR, Courier: Shadowfax Surface)', '2026-04-30 18:21:04.099');
INSERT INTO public."OrderActivity" VALUES ('61557c05-23ee-439f-ad4e-bf77520df879', '7455f121-a59b-4c30-bbf0-17f83f78f67b', 'SHIPPED', 'Shiprocket webhook: IN TRANSIT (AWB: 14112362134240, Courier: Xpressbees Surface)', '2026-04-30 18:45:20.395');


--
-- Data for Name: Product; Type: TABLE DATA; Schema: public; Owner: -
--

INSERT INTO public."Product" VALUES ('64932421-c97c-432a-9b89-f22c522763cc', 'Citrus bloom', 'Multicolored printed kurta set', 'citrus-bloom', 'Vibrant Multicoloured Block Print Kurta Set with Coordinated Printed Bottoms & Dupatta.', 2099, false, NULL, '{https://urqngkygaqaoiwdbqjtj.supabase.co/storage/v1/object/public/uploads/product-1777103097090.webp?v=2,https://urqngkygaqaoiwdbqjtj.supabase.co/storage/v1/object/public/uploads/product-1777103097511.webp?v=2,https://urqngkygaqaoiwdbqjtj.supabase.co/storage/v1/object/public/uploads/product-1777103098234.webp?v=2,https://urqngkygaqaoiwdbqjtj.supabase.co/storage/v1/object/public/uploads/product-1777103098877.webp?v=2,https://urqngkygaqaoiwdbqjtj.supabase.co/storage/v1/object/public/uploads/product-1777103099577.webp?v=2,https://urqngkygaqaoiwdbqjtj.supabase.co/storage/v1/object/public/uploads/product-1777103099992.webp?v=2,https://urqngkygaqaoiwdbqjtj.supabase.co/storage/v1/object/public/uploads/product-1777103100487.webp?v=2}', 'https://urqngkygaqaoiwdbqjtj.supabase.co/storage/v1/object/public/uploads/product-1777103097090.webp?v=2', 'https://urqngkygaqaoiwdbqjtj.supabase.co/storage/v1/object/public/uploads/product-1777103097511.webp?v=2', 0, NULL, NULL, NULL, NULL, '2026-04-25 07:45:01.611', '2026-04-28 17:04:17.5');
INSERT INTO public."Product" VALUES ('fe54a318-76b9-4577-81d5-1d767029149d', 'Blushing Bloom', 'Floral Printed Angrakha Kurta Set With Dupatta', 'blushing-bloom', 'Soft Pink Angrakha Kurta with Floral Prints, Plain Bottom & Printed Dupatta.', 2099, false, NULL, '{https://urqngkygaqaoiwdbqjtj.supabase.co/storage/v1/object/public/uploads/product-1777102377544.webp?v=2,https://urqngkygaqaoiwdbqjtj.supabase.co/storage/v1/object/public/uploads/product-1777102378213.webp?v=2,https://urqngkygaqaoiwdbqjtj.supabase.co/storage/v1/object/public/uploads/product-1777102378672.webp?v=2,https://urqngkygaqaoiwdbqjtj.supabase.co/storage/v1/object/public/uploads/product-1777102379174.webp?v=2,https://urqngkygaqaoiwdbqjtj.supabase.co/storage/v1/object/public/uploads/product-1777102379720.webp?v=2,https://urqngkygaqaoiwdbqjtj.supabase.co/storage/v1/object/public/uploads/product-1777102380309.webp?v=2,https://urqngkygaqaoiwdbqjtj.supabase.co/storage/v1/object/public/uploads/product-1777102380759.webp?v=2}', 'https://urqngkygaqaoiwdbqjtj.supabase.co/storage/v1/object/public/uploads/product-1777102377544.webp?v=2', 'https://urqngkygaqaoiwdbqjtj.supabase.co/storage/v1/object/public/uploads/product-1777102378213.webp?v=2', 0, NULL, NULL, NULL, NULL, '2026-04-25 07:33:01.832', '2026-04-28 17:09:08.993');
INSERT INTO public."Product" VALUES ('0968b431-10d8-4922-bc0e-0b152fe8f937', 'Black Aura', 'Black Printed Cotton Kurta Set', 'black-aura', 'Elegant Black Printed Cotton Kurta Set with Plain Bottom & Printed Dupatta.', 1499, false, NULL, '{https://urqngkygaqaoiwdbqjtj.supabase.co/storage/v1/object/public/uploads/product-1777102285160.webp,https://urqngkygaqaoiwdbqjtj.supabase.co/storage/v1/object/public/uploads/product-1777102286006.webp,https://urqngkygaqaoiwdbqjtj.supabase.co/storage/v1/object/public/uploads/product-1777102286602.webp,https://urqngkygaqaoiwdbqjtj.supabase.co/storage/v1/object/public/uploads/product-1777102287070.webp,https://urqngkygaqaoiwdbqjtj.supabase.co/storage/v1/object/public/uploads/product-1777102287516.webp,https://urqngkygaqaoiwdbqjtj.supabase.co/storage/v1/object/public/uploads/product-1777102287945.webp,https://urqngkygaqaoiwdbqjtj.supabase.co/storage/v1/object/public/uploads/product-1777102288276.webp}', 'https://urqngkygaqaoiwdbqjtj.supabase.co/storage/v1/object/public/uploads/product-1777102285160.webp', 'https://urqngkygaqaoiwdbqjtj.supabase.co/storage/v1/object/public/uploads/product-1777102286006.webp', 0, NULL, NULL, NULL, NULL, '2026-04-25 07:31:29.214', '2026-04-27 07:53:02.55');
INSERT INTO public."Product" VALUES ('e80ea23f-a3e4-460f-a540-c2fc805d3dd8', 'Sun kissed Spring', 'Light Yellow Floral Embroidered Kurta Set', 'sun-kissed-spring', 'Pastel Yellow Kurta Set Featuring Floral Embroidery on the Yoke with Plain Pants & Lightly Embroidered Dupatta.', 1899, false, NULL, '{https://urqngkygaqaoiwdbqjtj.supabase.co/storage/v1/object/public/uploads/product-1777103050509.webp?v=2,https://urqngkygaqaoiwdbqjtj.supabase.co/storage/v1/object/public/uploads/product-1777103051366.webp?v=2,https://urqngkygaqaoiwdbqjtj.supabase.co/storage/v1/object/public/uploads/product-1777103052193.webp?v=2,https://urqngkygaqaoiwdbqjtj.supabase.co/storage/v1/object/public/uploads/product-1777103052658.webp?v=2,https://urqngkygaqaoiwdbqjtj.supabase.co/storage/v1/object/public/uploads/product-1777103053044.webp?v=2,https://urqngkygaqaoiwdbqjtj.supabase.co/storage/v1/object/public/uploads/product-1777103053511.webp?v=2,https://urqngkygaqaoiwdbqjtj.supabase.co/storage/v1/object/public/uploads/product-1777103053891.webp?v=2}', 'https://urqngkygaqaoiwdbqjtj.supabase.co/storage/v1/object/public/uploads/product-1777103050509.webp?v=2', 'https://urqngkygaqaoiwdbqjtj.supabase.co/storage/v1/object/public/uploads/product-1777103051366.webp?v=2', 0, NULL, NULL, NULL, NULL, '2026-04-25 07:44:14.913', '2026-04-28 17:04:53.452');
INSERT INTO public."Product" VALUES ('f71dfc3d-062b-4a48-8606-22ce34dabd4a', 'The Rust Relic', 'Rust-Coloured Kurta Set with Floral Embroidery', 'the-rust-relic', 'Rust Embroidered Kurta Set with Kashmiri-Inspired Thread Work, Plain Bottoms & Delicate Embroidered Dupatta.', 1599, false, NULL, '{https://urqngkygaqaoiwdbqjtj.supabase.co/storage/v1/object/public/uploads/product-1777102536646.webp?v=2,https://urqngkygaqaoiwdbqjtj.supabase.co/storage/v1/object/public/uploads/product-1777102537142.webp?v=2,https://urqngkygaqaoiwdbqjtj.supabase.co/storage/v1/object/public/uploads/product-1777102537583.webp?v=2,https://urqngkygaqaoiwdbqjtj.supabase.co/storage/v1/object/public/uploads/product-1777102538038.webp?v=2,https://urqngkygaqaoiwdbqjtj.supabase.co/storage/v1/object/public/uploads/product-1777102538470.webp?v=2,https://urqngkygaqaoiwdbqjtj.supabase.co/storage/v1/object/public/uploads/product-1777102539332.webp?v=2,https://urqngkygaqaoiwdbqjtj.supabase.co/storage/v1/object/public/uploads/product-1777102539758.webp?v=2}', 'https://urqngkygaqaoiwdbqjtj.supabase.co/storage/v1/object/public/uploads/product-1777102536646.webp?v=2', 'https://urqngkygaqaoiwdbqjtj.supabase.co/storage/v1/object/public/uploads/product-1777102537142.webp?v=2', 0, NULL, NULL, NULL, NULL, '2026-04-25 07:35:41.192', '2026-04-28 17:06:48.992');
INSERT INTO public."Product" VALUES ('478cec6d-1759-4ed4-88c2-326313a8d245', 'Cubist curio', 'Multicoloured Cotton Printed Kurta Set', 'cubist-curio', 'Geometric Printed Kurta Set with Multicolour Detailing, Matching Pants & Statement Dupatta.', 1699, false, NULL, '{https://urqngkygaqaoiwdbqjtj.supabase.co/storage/v1/object/public/uploads/product-1777103227874.webp?v=2,https://urqngkygaqaoiwdbqjtj.supabase.co/storage/v1/object/public/uploads/product-1777103229171.webp?v=2,https://urqngkygaqaoiwdbqjtj.supabase.co/storage/v1/object/public/uploads/product-1777103229643.webp?v=2,https://urqngkygaqaoiwdbqjtj.supabase.co/storage/v1/object/public/uploads/product-1777103230145.webp?v=2,https://urqngkygaqaoiwdbqjtj.supabase.co/storage/v1/object/public/uploads/product-1777103230598.webp?v=2,https://urqngkygaqaoiwdbqjtj.supabase.co/storage/v1/object/public/uploads/product-1777103231046.webp?v=2,https://urqngkygaqaoiwdbqjtj.supabase.co/storage/v1/object/public/uploads/product-1777103231510.webp?v=2}', 'https://urqngkygaqaoiwdbqjtj.supabase.co/storage/v1/object/public/uploads/product-1777103227874.webp?v=2', 'https://urqngkygaqaoiwdbqjtj.supabase.co/storage/v1/object/public/uploads/product-1777103229171.webp?v=2', 0, NULL, NULL, NULL, NULL, '2026-04-25 07:47:12.467', '2026-04-29 06:24:27.905');
INSERT INTO public."Product" VALUES ('a9d1a05f-eb33-4ad3-bda2-fa611aaf5c7b', 'Midnight Hue', 'Black Cotton Kurta Set With Dupatta', 'midnight-hue', 'Modern Black Kurta Set Featuring Floral Embroidery with Coordinated Pants & Designer Dupatta.', 1999, false, NULL, '{https://urqngkygaqaoiwdbqjtj.supabase.co/storage/v1/object/public/uploads/product-1777103316246.webp?v=2,https://urqngkygaqaoiwdbqjtj.supabase.co/storage/v1/object/public/uploads/product-1777103317210.webp?v=2,https://urqngkygaqaoiwdbqjtj.supabase.co/storage/v1/object/public/uploads/product-1777103317697.webp?v=2,https://urqngkygaqaoiwdbqjtj.supabase.co/storage/v1/object/public/uploads/product-1777103318116.webp?v=2,https://urqngkygaqaoiwdbqjtj.supabase.co/storage/v1/object/public/uploads/product-1777103318519.webp?v=2,https://urqngkygaqaoiwdbqjtj.supabase.co/storage/v1/object/public/uploads/product-1777103318933.webp?v=2,https://urqngkygaqaoiwdbqjtj.supabase.co/storage/v1/object/public/uploads/product-1777103319321.webp?v=2,https://urqngkygaqaoiwdbqjtj.supabase.co/storage/v1/object/public/uploads/product-1777103319766.webp?v=2}', 'https://urqngkygaqaoiwdbqjtj.supabase.co/storage/v1/object/public/uploads/product-1777103316246.webp?v=2', 'https://urqngkygaqaoiwdbqjtj.supabase.co/storage/v1/object/public/uploads/product-1777103317210.webp?v=2', 0, NULL, NULL, NULL, NULL, '2026-04-25 07:48:40.801', '2026-04-28 17:08:18.118');
INSERT INTO public."Product" VALUES ('6004ffab-7236-44df-a1f6-c1145c40367e', 'Teracotta Whisper', 'V-Neck Cotton Printed Kurta Set With Dupatta', 'teracotta-whisper', 'Terracotta V-Neck Printed Cotton Kurta Set with Printed Bottom & Dupatta.', 2099, false, NULL, '{https://urqngkygaqaoiwdbqjtj.supabase.co/storage/v1/object/public/uploads/product-1777102887511.webp?v=2,https://urqngkygaqaoiwdbqjtj.supabase.co/storage/v1/object/public/uploads/product-1777102888159.webp?v=2,https://urqngkygaqaoiwdbqjtj.supabase.co/storage/v1/object/public/uploads/product-1777102888563.webp?v=2,https://urqngkygaqaoiwdbqjtj.supabase.co/storage/v1/object/public/uploads/product-1777102888962.webp?v=2,https://urqngkygaqaoiwdbqjtj.supabase.co/storage/v1/object/public/uploads/product-1777102889364.webp?v=2,https://urqngkygaqaoiwdbqjtj.supabase.co/storage/v1/object/public/uploads/product-1777102889811.webp?v=2,https://urqngkygaqaoiwdbqjtj.supabase.co/storage/v1/object/public/uploads/product-1777102890689.webp?v=2,https://urqngkygaqaoiwdbqjtj.supabase.co/storage/v1/object/public/uploads/product-1777102891106.webp?v=2}', 'https://urqngkygaqaoiwdbqjtj.supabase.co/storage/v1/object/public/uploads/product-1777102887511.webp?v=2', 'https://urqngkygaqaoiwdbqjtj.supabase.co/storage/v1/object/public/uploads/product-1777102888159.webp?v=2', 0, NULL, NULL, NULL, NULL, '2026-04-25 07:41:32.361', '2026-04-28 17:05:44.131');
INSERT INTO public."Product" VALUES ('5bc3412a-cf30-432d-9a87-0c4160de3bda', 'The Indigo Batik Story ', 'Indigo Batik Printed Kurta Set', 'the-indigo-batik-story', 'Indigo Batik Printed Kurta Set with Plain Bottom And Batik Printed Dupatta.', 2099, false, NULL, '{https://urqngkygaqaoiwdbqjtj.supabase.co/storage/v1/object/public/uploads/product-1777101972579.webp,https://urqngkygaqaoiwdbqjtj.supabase.co/storage/v1/object/public/uploads/product-1777101973492.webp,https://urqngkygaqaoiwdbqjtj.supabase.co/storage/v1/object/public/uploads/product-1777101974004.webp,https://urqngkygaqaoiwdbqjtj.supabase.co/storage/v1/object/public/uploads/product-1777101975038.webp,https://urqngkygaqaoiwdbqjtj.supabase.co/storage/v1/object/public/uploads/product-1777101975558.webp,https://urqngkygaqaoiwdbqjtj.supabase.co/storage/v1/object/public/uploads/product-1777101976357.webp,https://urqngkygaqaoiwdbqjtj.supabase.co/storage/v1/object/public/uploads/product-1777101976851.webp,https://urqngkygaqaoiwdbqjtj.supabase.co/storage/v1/object/public/uploads/product-1777101977271.webp,https://urqngkygaqaoiwdbqjtj.supabase.co/storage/v1/object/public/uploads/the-indigo-batik-story--1777109340050.webp,https://urqngkygaqaoiwdbqjtj.supabase.co/storage/v1/object/public/uploads/the-indigo-batik-story--1777109353778.webp,https://urqngkygaqaoiwdbqjtj.supabase.co/storage/v1/object/public/uploads/the-indigo-batik-story--1777109369371.webp,https://urqngkygaqaoiwdbqjtj.supabase.co/storage/v1/object/public/uploads/the-indigo-batik-story--1777109386093.webp,https://urqngkygaqaoiwdbqjtj.supabase.co/storage/v1/object/public/uploads/the-indigo-batik-story--1777109401221.webp,https://urqngkygaqaoiwdbqjtj.supabase.co/storage/v1/object/public/uploads/the-indigo-batik-story--1777109407747.webp,https://urqngkygaqaoiwdbqjtj.supabase.co/storage/v1/object/public/uploads/the-indigo-batik-story--1777109416293.webp,https://urqngkygaqaoiwdbqjtj.supabase.co/storage/v1/object/public/uploads/the-indigo-batik-story--1777109423073.webp}', 'https://urqngkygaqaoiwdbqjtj.supabase.co/storage/v1/object/public/uploads/product-1777101972579.webp', 'https://urqngkygaqaoiwdbqjtj.supabase.co/storage/v1/object/public/uploads/product-1777101973492.webp', 0, NULL, NULL, NULL, NULL, '2026-04-25 07:26:18.435', '2026-04-27 07:59:26.005');
INSERT INTO public."Product" VALUES ('439b5c59-cf77-4653-9e67-dc5876426ea2', 'Kesariya Kalam', 'Orange Kurta Set With Printed Bottom And Dupatta', 'kesariya-kalam', 'Vibrant Orange  Coloured Kurta Set with Embroidered Yoke, Printed Bottom & Dupatta.', 1899, false, NULL, '{https://urqngkygaqaoiwdbqjtj.supabase.co/storage/v1/object/public/uploads/product-1777102428542.webp?v=2,https://urqngkygaqaoiwdbqjtj.supabase.co/storage/v1/object/public/uploads/product-1777102429279.webp?v=2,https://urqngkygaqaoiwdbqjtj.supabase.co/storage/v1/object/public/uploads/product-1777102429985.webp?v=2,https://urqngkygaqaoiwdbqjtj.supabase.co/storage/v1/object/public/uploads/product-1777102430434.webp?v=2,https://urqngkygaqaoiwdbqjtj.supabase.co/storage/v1/object/public/uploads/product-1777102430891.webp?v=2,https://urqngkygaqaoiwdbqjtj.supabase.co/storage/v1/object/public/uploads/product-1777102431294.webp?v=2,https://urqngkygaqaoiwdbqjtj.supabase.co/storage/v1/object/public/uploads/product-1777102431705.webp?v=2}', 'https://urqngkygaqaoiwdbqjtj.supabase.co/storage/v1/object/public/uploads/product-1777102429985.webp?v=2', 'https://urqngkygaqaoiwdbqjtj.supabase.co/storage/v1/object/public/uploads/product-1777102431705.webp?v=2', 0, NULL, NULL, NULL, NULL, '2026-04-25 07:33:53.308', '2026-04-28 17:07:51.773');
INSERT INTO public."Product" VALUES ('d25bf760-b535-4755-91ec-aeca8b163832', 'The Peach Palette', ' peach floral kurta set with coordinated bottom and dupatta', 'the-peach-palette', 'Peach Angrakha style Floral kurta set with cordinated bottom and printed dupatta
', 1299, false, NULL, '{https://urqngkygaqaoiwdbqjtj.supabase.co/storage/v1/object/public/uploads/product-1777102119275.webp?v=2,https://urqngkygaqaoiwdbqjtj.supabase.co/storage/v1/object/public/uploads/product-1777102119926.webp?v=2,https://urqngkygaqaoiwdbqjtj.supabase.co/storage/v1/object/public/uploads/product-1777102120648.webp?v=2,https://urqngkygaqaoiwdbqjtj.supabase.co/storage/v1/object/public/uploads/product-1777102121115.webp?v=2,https://urqngkygaqaoiwdbqjtj.supabase.co/storage/v1/object/public/uploads/product-1777102121602.webp?v=2,https://urqngkygaqaoiwdbqjtj.supabase.co/storage/v1/object/public/uploads/product-1777102122161.webp?v=2}', 'https://urqngkygaqaoiwdbqjtj.supabase.co/storage/v1/object/public/uploads/product-1777102119275.webp?v=2', 'https://urqngkygaqaoiwdbqjtj.supabase.co/storage/v1/object/public/uploads/product-1777102119926.webp?v=2', 0, NULL, NULL, NULL, NULL, '2026-04-25 07:28:43.792', '2026-04-28 17:10:12.028');
INSERT INTO public."Product" VALUES ('736fbb5e-87bd-4bf4-9209-ba5c6f700fca', 'Red Rajwada ', 'Red Coloured Block Printed Cotton Kurta Set', 'red-rajwada', 'Elegant Red Kurta Set with Heritage Block Prints, Tailored Pants & Dupatta.', 1599, false, NULL, '{https://urqngkygaqaoiwdbqjtj.supabase.co/storage/v1/object/public/uploads/product-1777103141272.webp,https://urqngkygaqaoiwdbqjtj.supabase.co/storage/v1/object/public/uploads/product-1777103141793.webp,https://urqngkygaqaoiwdbqjtj.supabase.co/storage/v1/object/public/uploads/product-1777103142300.webp,https://urqngkygaqaoiwdbqjtj.supabase.co/storage/v1/object/public/uploads/product-1777103142783.webp,https://urqngkygaqaoiwdbqjtj.supabase.co/storage/v1/object/public/uploads/product-1777103143732.webp,https://urqngkygaqaoiwdbqjtj.supabase.co/storage/v1/object/public/uploads/product-1777103144600.webp,https://urqngkygaqaoiwdbqjtj.supabase.co/storage/v1/object/public/uploads/product-1777103145052.webp,https://urqngkygaqaoiwdbqjtj.supabase.co/storage/v1/object/public/uploads/product-1777103145578.webp}', 'https://urqngkygaqaoiwdbqjtj.supabase.co/storage/v1/object/public/uploads/product-1777103141272.webp', 'https://urqngkygaqaoiwdbqjtj.supabase.co/storage/v1/object/public/uploads/product-1777103141793.webp', 0, NULL, NULL, NULL, NULL, '2026-04-25 07:45:46.738', '2026-04-25 11:55:53.587');
INSERT INTO public."Product" VALUES ('a94742a6-d946-4d41-bed1-effeb7bd3fb4', 'The indigo edit', 'Indigo Block Printed Kurta Set ', 'the-indigo-edit', 'Indigo Kurta Set with Traditional Block Prints, Printed Bottom And Printed Dupatta.', 1599, false, NULL, '{https://urqngkygaqaoiwdbqjtj.supabase.co/storage/v1/object/public/uploads/product-1777118605629.webp,https://urqngkygaqaoiwdbqjtj.supabase.co/storage/v1/object/public/uploads/product-1777118606695.webp,https://urqngkygaqaoiwdbqjtj.supabase.co/storage/v1/object/public/uploads/product-1777118607828.webp,https://urqngkygaqaoiwdbqjtj.supabase.co/storage/v1/object/public/uploads/product-1777118608426.webp,https://urqngkygaqaoiwdbqjtj.supabase.co/storage/v1/object/public/uploads/product-1777118609493.webp,https://urqngkygaqaoiwdbqjtj.supabase.co/storage/v1/object/public/uploads/product-1777118610046.webp,https://urqngkygaqaoiwdbqjtj.supabase.co/storage/v1/object/public/uploads/product-1777118610773.webp}', 'https://urqngkygaqaoiwdbqjtj.supabase.co/storage/v1/object/public/uploads/product-1777118605629.webp', 'https://urqngkygaqaoiwdbqjtj.supabase.co/storage/v1/object/public/uploads/product-1777118606695.webp', 0, NULL, NULL, NULL, NULL, '2026-04-25 12:03:31.876', '2026-04-25 12:12:43.32');
INSERT INTO public."Product" VALUES ('a59a0ce1-5f0a-4e94-b59e-76a403ca9ed0', 'The Indigo Odyssey', 'Angrakha Block Printed Kurta Set with Dupatta', 'the-indigo-odyssey', 'Angrakha Block Print Kurta Set with Chevron Patterned Pants & Printed Dupatta.', 1899, false, NULL, '{https://urqngkygaqaoiwdbqjtj.supabase.co/storage/v1/object/public/uploads/product-1777102773105.webp?v=2,https://urqngkygaqaoiwdbqjtj.supabase.co/storage/v1/object/public/uploads/product-1777102773802.webp?v=2,https://urqngkygaqaoiwdbqjtj.supabase.co/storage/v1/object/public/uploads/product-1777102774266.webp?v=2,https://urqngkygaqaoiwdbqjtj.supabase.co/storage/v1/object/public/uploads/product-1777102774687.webp?v=2,https://urqngkygaqaoiwdbqjtj.supabase.co/storage/v1/object/public/uploads/product-1777102775128.webp?v=2,https://urqngkygaqaoiwdbqjtj.supabase.co/storage/v1/object/public/uploads/product-1777102775564.webp?v=2,https://urqngkygaqaoiwdbqjtj.supabase.co/storage/v1/object/public/uploads/product-1777102776016.webp?v=2}', 'https://urqngkygaqaoiwdbqjtj.supabase.co/storage/v1/object/public/uploads/product-1777102773105.webp?v=2', 'https://urqngkygaqaoiwdbqjtj.supabase.co/storage/v1/object/public/uploads/product-1777102773802.webp?v=2', 0, NULL, NULL, NULL, NULL, '2026-04-25 07:39:37.684', '2026-04-28 17:06:10.859');
INSERT INTO public."Product" VALUES ('42967ced-2bb4-4a1f-b13c-4b143b150452', 'Botanica Grace', 'Floral Batik Printed Cotton Kurta Set', 'botanica-grace', 'Floral Batik Printed Cotton Kurta Set with Printed Bottom And Statement Dupatta.', 2399, false, NULL, '{https://urqngkygaqaoiwdbqjtj.supabase.co/storage/v1/object/public/uploads/product-1777102117164.webp?v=2,https://urqngkygaqaoiwdbqjtj.supabase.co/storage/v1/object/public/uploads/product-1777102118391.webp?v=2,https://urqngkygaqaoiwdbqjtj.supabase.co/storage/v1/object/public/uploads/product-1777102119264.webp?v=2,https://urqngkygaqaoiwdbqjtj.supabase.co/storage/v1/object/public/uploads/product-1777102119785.webp?v=2,https://urqngkygaqaoiwdbqjtj.supabase.co/storage/v1/object/public/uploads/product-1777102120234.webp?v=2,https://urqngkygaqaoiwdbqjtj.supabase.co/storage/v1/object/public/uploads/product-1777102121069.webp?v=2,https://urqngkygaqaoiwdbqjtj.supabase.co/storage/v1/object/public/uploads/product-1777102121513.webp?v=2}', 'https://urqngkygaqaoiwdbqjtj.supabase.co/storage/v1/object/public/uploads/product-1777102117164.webp?v=2', 'https://urqngkygaqaoiwdbqjtj.supabase.co/storage/v1/object/public/uploads/product-1777102118391.webp?v=2', 0, NULL, NULL, NULL, NULL, '2026-04-25 07:28:43.186', '2026-04-28 17:10:43.02');
INSERT INTO public."Product" VALUES ('600a0a7f-ae4a-4414-8b06-7e55090b93aa', 'Charkha Charm', 'Premium Khadi Kurta Set with Thread Work & Dupatta', 'charkha-charm', 'Premium Khadi Kurta Set Featuring Intricate Thread Work with Pants & Embroidered Dupatta.', 2399, false, NULL, '{https://urqngkygaqaoiwdbqjtj.supabase.co/storage/v1/object/public/uploads/product-1777102947150.webp?v=2,https://urqngkygaqaoiwdbqjtj.supabase.co/storage/v1/object/public/uploads/product-1777102947903.webp?v=2,https://urqngkygaqaoiwdbqjtj.supabase.co/storage/v1/object/public/uploads/product-1777102948346.webp?v=2,https://urqngkygaqaoiwdbqjtj.supabase.co/storage/v1/object/public/uploads/product-1777102949078.webp?v=2,https://urqngkygaqaoiwdbqjtj.supabase.co/storage/v1/object/public/uploads/product-1777102949563.webp?v=2,https://urqngkygaqaoiwdbqjtj.supabase.co/storage/v1/object/public/uploads/product-1777102950044.webp?v=2,https://urqngkygaqaoiwdbqjtj.supabase.co/storage/v1/object/public/uploads/product-1777102950520.webp?v=2}', 'https://urqngkygaqaoiwdbqjtj.supabase.co/storage/v1/object/public/uploads/product-1777102947150.webp?v=2', 'https://urqngkygaqaoiwdbqjtj.supabase.co/storage/v1/object/public/uploads/product-1777102947903.webp?v=2', 0, NULL, NULL, NULL, NULL, '2026-04-25 07:42:31.576', '2026-04-28 17:02:24.884');


--
-- Data for Name: OrderItem; Type: TABLE DATA; Schema: public; Owner: -
--

INSERT INTO public."OrderItem" VALUES ('1b519942-2963-4339-953c-3baffe967496', 1, 1699, '478cec6d-1759-4ed4-88c2-326313a8d245', 'Color: Charcoal Blue, Size: M', '3dde893e-696f-4e93-bfa9-c29a77f46dab');
INSERT INTO public."OrderItem" VALUES ('1e8a904b-147f-4c89-94bf-19d14adbcdb0', 1, 1699, '478cec6d-1759-4ed4-88c2-326313a8d245', 'Color: Charcoal Blue, Size: M', '31be2f69-6077-4f45-bd1f-3ec06e0a3d78');
INSERT INTO public."OrderItem" VALUES ('61ce4d6e-6d20-411a-9827-3a1623252023', 1, 2699, '64932421-c97c-432a-9b89-f22c522763cc', 'Color: Golden Yellow, Size: M', '05a1cac7-2cb2-4a7d-9121-9ce7264ff027');
INSERT INTO public."OrderItem" VALUES ('5a042133-35f0-4988-8f15-9f745216c2d4', 1, 1999, 'a9d1a05f-eb33-4ad3-bda2-fa611aaf5c7b', 'Color: Black, Size: M', 'e0eb5e25-b0f2-4da8-bf49-b10788b2c4a3');
INSERT INTO public."OrderItem" VALUES ('a6fc90c3-9709-4d25-aa3e-4b2df8686cf0', 1, 2399, 'e80ea23f-a3e4-460f-a540-c2fc805d3dd8', 'Color: Sun kissed Spring, Size: M', '68f3668a-15f5-4fe2-8f9a-06bc95068dc0');
INSERT INTO public."OrderItem" VALUES ('c2c7bc6c-6ee0-4453-8a0c-71f86457d855', 1, 1699, '478cec6d-1759-4ed4-88c2-326313a8d245', 'Color: Multi coloured, Size: M', '38b327bd-9d48-4284-b6cb-312dd62947e0');
INSERT INTO public."OrderItem" VALUES ('21565584-3edb-4841-9ca1-501c1d0e0c19', 1, 1599, 'a94742a6-d946-4d41-bed1-effeb7bd3fb4', 'Color: indigo, Size: M', '271740bc-a3d7-4e3a-889c-7c6ef3994815');
INSERT INTO public."OrderItem" VALUES ('3c4beee2-5a3c-487b-873b-1d828ea93ad8', 1, 2099, 'fe54a318-76b9-4577-81d5-1d767029149d', 'Color: Blushing Bloom, Size: XL', '668f0e16-a959-4347-b413-029ad7c02104');
INSERT INTO public."OrderItem" VALUES ('a1a8bdb2-87ec-4ec9-b7f0-2cd809146567', 1, 2399, '600a0a7f-ae4a-4414-8b06-7e55090b93aa', 'Color: Light Brown, Size: L', 'ebe14aec-920c-4048-965d-004bdd82fb66');
INSERT INTO public."OrderItem" VALUES ('8eece5fc-1709-4da3-877f-5bbc443f35bf', 1, 1299, 'd25bf760-b535-4755-91ec-aeca8b163832', 'Color: soft orange , Size: 2XL', '7455f121-a59b-4c30-bbf0-17f83f78f67b');
INSERT INTO public."OrderItem" VALUES ('401d313f-b306-4011-b709-d5a77c008f00', 1, 2099, '64932421-c97c-432a-9b89-f22c522763cc', 'Color: Multicolour, Size: M', '70ab56d1-dbff-45fc-aab1-f3dedac97bbb');
INSERT INTO public."OrderItem" VALUES ('07e5b048-6bd0-4010-aa24-4060c13fc42e', 1, 1899, '439b5c59-cf77-4653-9e67-dc5876426ea2', 'Color: Dark Orange, Size: XL', '43fc6a26-7274-422f-bf3f-ce47ec50c400');
INSERT INTO public."OrderItem" VALUES ('4a5d2052-cc26-4604-beca-c0ae0b888c7c', 1, 1899, '439b5c59-cf77-4653-9e67-dc5876426ea2', 'Color: Dark Orange, Size: XL', '2d221c3a-0b30-4fdc-8df0-b525bb2ac350');


--
-- Data for Name: ProductVariant; Type: TABLE DATA; Schema: public; Owner: -
--

INSERT INTO public."ProductVariant" VALUES ('5adc3bbf-7fd5-4190-b0c3-f8d9f45b4570', 'Color: Green, Size: 2XL', NULL, 1, '{https://urqngkygaqaoiwdbqjtj.supabase.co/storage/v1/object/public/uploads/the-indigo-batik-story--1777109340050.webp,https://urqngkygaqaoiwdbqjtj.supabase.co/storage/v1/object/public/uploads/the-indigo-batik-story--1777109353778.webp,https://urqngkygaqaoiwdbqjtj.supabase.co/storage/v1/object/public/uploads/the-indigo-batik-story--1777109369371.webp,https://urqngkygaqaoiwdbqjtj.supabase.co/storage/v1/object/public/uploads/the-indigo-batik-story--1777109401221.webp,https://urqngkygaqaoiwdbqjtj.supabase.co/storage/v1/object/public/uploads/the-indigo-batik-story--1777109386093.webp,https://urqngkygaqaoiwdbqjtj.supabase.co/storage/v1/object/public/uploads/the-indigo-batik-story--1777109407747.webp,https://urqngkygaqaoiwdbqjtj.supabase.co/storage/v1/object/public/uploads/the-indigo-batik-story--1777109416293.webp,https://urqngkygaqaoiwdbqjtj.supabase.co/storage/v1/object/public/uploads/the-indigo-batik-story--1777109423073.webp}', NULL, NULL, '5bc3412a-cf30-432d-9a87-0c4160de3bda', '2026-04-27 07:59:26.005', '2026-04-27 07:59:26.005');
INSERT INTO public."ProductVariant" VALUES ('66073812-6e52-499d-a6c3-d5e846e51f37', 'Color: Green, Size: M', NULL, 1, '{https://urqngkygaqaoiwdbqjtj.supabase.co/storage/v1/object/public/uploads/the-indigo-batik-story--1777109340050.webp,https://urqngkygaqaoiwdbqjtj.supabase.co/storage/v1/object/public/uploads/the-indigo-batik-story--1777109353778.webp,https://urqngkygaqaoiwdbqjtj.supabase.co/storage/v1/object/public/uploads/the-indigo-batik-story--1777109369371.webp,https://urqngkygaqaoiwdbqjtj.supabase.co/storage/v1/object/public/uploads/the-indigo-batik-story--1777109401221.webp,https://urqngkygaqaoiwdbqjtj.supabase.co/storage/v1/object/public/uploads/the-indigo-batik-story--1777109386093.webp,https://urqngkygaqaoiwdbqjtj.supabase.co/storage/v1/object/public/uploads/the-indigo-batik-story--1777109407747.webp,https://urqngkygaqaoiwdbqjtj.supabase.co/storage/v1/object/public/uploads/the-indigo-batik-story--1777109416293.webp,https://urqngkygaqaoiwdbqjtj.supabase.co/storage/v1/object/public/uploads/the-indigo-batik-story--1777109423073.webp}', NULL, NULL, '5bc3412a-cf30-432d-9a87-0c4160de3bda', '2026-04-27 07:59:26.005', '2026-04-27 07:59:26.005');
INSERT INTO public."ProductVariant" VALUES ('60cb7ce4-f38b-47e8-8885-60d2038fa329', 'Color:  Indigo , Size: M', NULL, 1, '{https://urqngkygaqaoiwdbqjtj.supabase.co/storage/v1/object/public/uploads/product-1777101972579.webp,https://urqngkygaqaoiwdbqjtj.supabase.co/storage/v1/object/public/uploads/product-1777101973492.webp,https://urqngkygaqaoiwdbqjtj.supabase.co/storage/v1/object/public/uploads/product-1777101975038.webp,https://urqngkygaqaoiwdbqjtj.supabase.co/storage/v1/object/public/uploads/product-1777101974004.webp,https://urqngkygaqaoiwdbqjtj.supabase.co/storage/v1/object/public/uploads/product-1777101975558.webp,https://urqngkygaqaoiwdbqjtj.supabase.co/storage/v1/object/public/uploads/product-1777101976357.webp,https://urqngkygaqaoiwdbqjtj.supabase.co/storage/v1/object/public/uploads/product-1777101976851.webp,https://urqngkygaqaoiwdbqjtj.supabase.co/storage/v1/object/public/uploads/product-1777101977271.webp}', NULL, NULL, '5bc3412a-cf30-432d-9a87-0c4160de3bda', '2026-04-27 07:59:26.005', '2026-04-27 07:59:26.005');
INSERT INTO public."ProductVariant" VALUES ('8e0ad04f-0241-4fec-9338-171cd4fc435a', 'Color:  Indigo , Size: XL', NULL, 1, '{https://urqngkygaqaoiwdbqjtj.supabase.co/storage/v1/object/public/uploads/product-1777101972579.webp,https://urqngkygaqaoiwdbqjtj.supabase.co/storage/v1/object/public/uploads/product-1777101973492.webp,https://urqngkygaqaoiwdbqjtj.supabase.co/storage/v1/object/public/uploads/product-1777101975038.webp,https://urqngkygaqaoiwdbqjtj.supabase.co/storage/v1/object/public/uploads/product-1777101974004.webp,https://urqngkygaqaoiwdbqjtj.supabase.co/storage/v1/object/public/uploads/product-1777101975558.webp,https://urqngkygaqaoiwdbqjtj.supabase.co/storage/v1/object/public/uploads/product-1777101976357.webp,https://urqngkygaqaoiwdbqjtj.supabase.co/storage/v1/object/public/uploads/product-1777101976851.webp,https://urqngkygaqaoiwdbqjtj.supabase.co/storage/v1/object/public/uploads/product-1777101977271.webp}', NULL, NULL, '5bc3412a-cf30-432d-9a87-0c4160de3bda', '2026-04-27 07:59:26.005', '2026-04-27 07:59:26.005');
INSERT INTO public."ProductVariant" VALUES ('7a867978-a28d-4a1a-8723-eafbd65c16e1', 'Color:  Indigo , Size: L', NULL, 1, '{https://urqngkygaqaoiwdbqjtj.supabase.co/storage/v1/object/public/uploads/product-1777101972579.webp,https://urqngkygaqaoiwdbqjtj.supabase.co/storage/v1/object/public/uploads/product-1777101973492.webp,https://urqngkygaqaoiwdbqjtj.supabase.co/storage/v1/object/public/uploads/product-1777101975038.webp,https://urqngkygaqaoiwdbqjtj.supabase.co/storage/v1/object/public/uploads/product-1777101974004.webp,https://urqngkygaqaoiwdbqjtj.supabase.co/storage/v1/object/public/uploads/product-1777101975558.webp,https://urqngkygaqaoiwdbqjtj.supabase.co/storage/v1/object/public/uploads/product-1777101976357.webp,https://urqngkygaqaoiwdbqjtj.supabase.co/storage/v1/object/public/uploads/product-1777101976851.webp,https://urqngkygaqaoiwdbqjtj.supabase.co/storage/v1/object/public/uploads/product-1777101977271.webp}', NULL, NULL, '5bc3412a-cf30-432d-9a87-0c4160de3bda', '2026-04-27 07:59:26.005', '2026-04-27 07:59:26.005');
INSERT INTO public."ProductVariant" VALUES ('4d1b9d02-7d5b-4d56-88b3-da4b5ee9fac9', 'Color:  Indigo , Size: 2XL', NULL, 1, '{https://urqngkygaqaoiwdbqjtj.supabase.co/storage/v1/object/public/uploads/product-1777101972579.webp,https://urqngkygaqaoiwdbqjtj.supabase.co/storage/v1/object/public/uploads/product-1777101973492.webp,https://urqngkygaqaoiwdbqjtj.supabase.co/storage/v1/object/public/uploads/product-1777101975038.webp,https://urqngkygaqaoiwdbqjtj.supabase.co/storage/v1/object/public/uploads/product-1777101974004.webp,https://urqngkygaqaoiwdbqjtj.supabase.co/storage/v1/object/public/uploads/product-1777101975558.webp,https://urqngkygaqaoiwdbqjtj.supabase.co/storage/v1/object/public/uploads/product-1777101976357.webp,https://urqngkygaqaoiwdbqjtj.supabase.co/storage/v1/object/public/uploads/product-1777101976851.webp,https://urqngkygaqaoiwdbqjtj.supabase.co/storage/v1/object/public/uploads/product-1777101977271.webp}', NULL, NULL, '5bc3412a-cf30-432d-9a87-0c4160de3bda', '2026-04-27 07:59:26.005', '2026-04-27 07:59:26.005');
INSERT INTO public."ProductVariant" VALUES ('1130be4f-e950-4aa8-babd-564047c87a77', 'Color: Green, Size: L', NULL, 1, '{https://urqngkygaqaoiwdbqjtj.supabase.co/storage/v1/object/public/uploads/the-indigo-batik-story--1777109340050.webp,https://urqngkygaqaoiwdbqjtj.supabase.co/storage/v1/object/public/uploads/the-indigo-batik-story--1777109353778.webp,https://urqngkygaqaoiwdbqjtj.supabase.co/storage/v1/object/public/uploads/the-indigo-batik-story--1777109369371.webp,https://urqngkygaqaoiwdbqjtj.supabase.co/storage/v1/object/public/uploads/the-indigo-batik-story--1777109401221.webp,https://urqngkygaqaoiwdbqjtj.supabase.co/storage/v1/object/public/uploads/the-indigo-batik-story--1777109386093.webp,https://urqngkygaqaoiwdbqjtj.supabase.co/storage/v1/object/public/uploads/the-indigo-batik-story--1777109407747.webp,https://urqngkygaqaoiwdbqjtj.supabase.co/storage/v1/object/public/uploads/the-indigo-batik-story--1777109416293.webp,https://urqngkygaqaoiwdbqjtj.supabase.co/storage/v1/object/public/uploads/the-indigo-batik-story--1777109423073.webp}', NULL, NULL, '5bc3412a-cf30-432d-9a87-0c4160de3bda', '2026-04-27 07:59:26.005', '2026-04-27 07:59:26.005');
INSERT INTO public."ProductVariant" VALUES ('953f6b92-591a-4fbc-bbca-3b4b22c9ef01', 'Color: Green, Size: XL', NULL, 1, '{https://urqngkygaqaoiwdbqjtj.supabase.co/storage/v1/object/public/uploads/the-indigo-batik-story--1777109340050.webp,https://urqngkygaqaoiwdbqjtj.supabase.co/storage/v1/object/public/uploads/the-indigo-batik-story--1777109353778.webp,https://urqngkygaqaoiwdbqjtj.supabase.co/storage/v1/object/public/uploads/the-indigo-batik-story--1777109369371.webp,https://urqngkygaqaoiwdbqjtj.supabase.co/storage/v1/object/public/uploads/the-indigo-batik-story--1777109401221.webp,https://urqngkygaqaoiwdbqjtj.supabase.co/storage/v1/object/public/uploads/the-indigo-batik-story--1777109386093.webp,https://urqngkygaqaoiwdbqjtj.supabase.co/storage/v1/object/public/uploads/the-indigo-batik-story--1777109407747.webp,https://urqngkygaqaoiwdbqjtj.supabase.co/storage/v1/object/public/uploads/the-indigo-batik-story--1777109416293.webp,https://urqngkygaqaoiwdbqjtj.supabase.co/storage/v1/object/public/uploads/the-indigo-batik-story--1777109423073.webp}', NULL, NULL, '5bc3412a-cf30-432d-9a87-0c4160de3bda', '2026-04-27 07:59:26.005', '2026-04-27 07:59:26.005');
INSERT INTO public."ProductVariant" VALUES ('d964cf16-ca85-4dfd-a0a4-31f4f5fdf383', 'Color: Green, Size: M', NULL, 1, '{https://urqngkygaqaoiwdbqjtj.supabase.co/storage/v1/object/public/uploads/product-1777102119785.webp?v=2,https://urqngkygaqaoiwdbqjtj.supabase.co/storage/v1/object/public/uploads/product-1777102117164.webp?v=2,https://urqngkygaqaoiwdbqjtj.supabase.co/storage/v1/object/public/uploads/product-1777102118391.webp?v=2,https://urqngkygaqaoiwdbqjtj.supabase.co/storage/v1/object/public/uploads/product-1777102119264.webp?v=2,https://urqngkygaqaoiwdbqjtj.supabase.co/storage/v1/object/public/uploads/product-1777102121513.webp?v=2,https://urqngkygaqaoiwdbqjtj.supabase.co/storage/v1/object/public/uploads/product-1777102121069.webp?v=2,https://urqngkygaqaoiwdbqjtj.supabase.co/storage/v1/object/public/uploads/product-1777102120234.webp?v=2}', NULL, NULL, '42967ced-2bb4-4a1f-b13c-4b143b150452', '2026-04-29 06:39:21.189', '2026-04-29 06:39:21.189');
INSERT INTO public."ProductVariant" VALUES ('0483e71e-db6a-4627-8892-61793d63e511', 'Color: indigo, Size: M', NULL, 1, '{https://urqngkygaqaoiwdbqjtj.supabase.co/storage/v1/object/public/uploads/product-1777118605629.webp,https://urqngkygaqaoiwdbqjtj.supabase.co/storage/v1/object/public/uploads/product-1777118606695.webp,https://urqngkygaqaoiwdbqjtj.supabase.co/storage/v1/object/public/uploads/product-1777118607828.webp,https://urqngkygaqaoiwdbqjtj.supabase.co/storage/v1/object/public/uploads/product-1777118608426.webp,https://urqngkygaqaoiwdbqjtj.supabase.co/storage/v1/object/public/uploads/product-1777118609493.webp,https://urqngkygaqaoiwdbqjtj.supabase.co/storage/v1/object/public/uploads/product-1777118610046.webp,https://urqngkygaqaoiwdbqjtj.supabase.co/storage/v1/object/public/uploads/product-1777118610773.webp}', NULL, NULL, 'a94742a6-d946-4d41-bed1-effeb7bd3fb4', '2026-04-25 12:12:43.32', '2026-04-25 12:30:40.779');
INSERT INTO public."ProductVariant" VALUES ('584e29a6-552e-43ae-8332-9c1ac38f21de', 'Color: Green, Size: L', NULL, 1, '{https://urqngkygaqaoiwdbqjtj.supabase.co/storage/v1/object/public/uploads/product-1777102119785.webp?v=2,https://urqngkygaqaoiwdbqjtj.supabase.co/storage/v1/object/public/uploads/product-1777102117164.webp?v=2,https://urqngkygaqaoiwdbqjtj.supabase.co/storage/v1/object/public/uploads/product-1777102118391.webp?v=2,https://urqngkygaqaoiwdbqjtj.supabase.co/storage/v1/object/public/uploads/product-1777102119264.webp?v=2,https://urqngkygaqaoiwdbqjtj.supabase.co/storage/v1/object/public/uploads/product-1777102121513.webp?v=2,https://urqngkygaqaoiwdbqjtj.supabase.co/storage/v1/object/public/uploads/product-1777102121069.webp?v=2,https://urqngkygaqaoiwdbqjtj.supabase.co/storage/v1/object/public/uploads/product-1777102120234.webp?v=2}', NULL, NULL, '42967ced-2bb4-4a1f-b13c-4b143b150452', '2026-04-29 06:39:21.189', '2026-04-29 06:39:21.189');
INSERT INTO public."ProductVariant" VALUES ('4846d6c0-96d9-4919-80f8-24c5b58f99f1', 'Color: Green, Size: XL', NULL, 1, '{https://urqngkygaqaoiwdbqjtj.supabase.co/storage/v1/object/public/uploads/product-1777102119785.webp?v=2,https://urqngkygaqaoiwdbqjtj.supabase.co/storage/v1/object/public/uploads/product-1777102117164.webp?v=2,https://urqngkygaqaoiwdbqjtj.supabase.co/storage/v1/object/public/uploads/product-1777102118391.webp?v=2,https://urqngkygaqaoiwdbqjtj.supabase.co/storage/v1/object/public/uploads/product-1777102119264.webp?v=2,https://urqngkygaqaoiwdbqjtj.supabase.co/storage/v1/object/public/uploads/product-1777102121513.webp?v=2,https://urqngkygaqaoiwdbqjtj.supabase.co/storage/v1/object/public/uploads/product-1777102121069.webp?v=2,https://urqngkygaqaoiwdbqjtj.supabase.co/storage/v1/object/public/uploads/product-1777102120234.webp?v=2}', NULL, NULL, '42967ced-2bb4-4a1f-b13c-4b143b150452', '2026-04-29 06:39:21.189', '2026-04-29 06:39:21.189');
INSERT INTO public."ProductVariant" VALUES ('497713b2-14f9-47b2-a95b-51a0b7c9cd4c', 'Color: Green, Size: 2XL', NULL, 1, '{https://urqngkygaqaoiwdbqjtj.supabase.co/storage/v1/object/public/uploads/product-1777102119785.webp?v=2,https://urqngkygaqaoiwdbqjtj.supabase.co/storage/v1/object/public/uploads/product-1777102117164.webp?v=2,https://urqngkygaqaoiwdbqjtj.supabase.co/storage/v1/object/public/uploads/product-1777102118391.webp?v=2,https://urqngkygaqaoiwdbqjtj.supabase.co/storage/v1/object/public/uploads/product-1777102119264.webp?v=2,https://urqngkygaqaoiwdbqjtj.supabase.co/storage/v1/object/public/uploads/product-1777102121513.webp?v=2,https://urqngkygaqaoiwdbqjtj.supabase.co/storage/v1/object/public/uploads/product-1777102121069.webp?v=2,https://urqngkygaqaoiwdbqjtj.supabase.co/storage/v1/object/public/uploads/product-1777102120234.webp?v=2}', NULL, NULL, '42967ced-2bb4-4a1f-b13c-4b143b150452', '2026-04-29 06:39:21.189', '2026-04-29 06:39:21.189');
INSERT INTO public."ProductVariant" VALUES ('c93f9ba5-c438-4008-b26d-b8ae9418d30c', 'Color: Multi colour, Size: L', NULL, 1, '{https://urqngkygaqaoiwdbqjtj.supabase.co/storage/v1/object/public/uploads/product-1777103229171.webp?v=2,https://urqngkygaqaoiwdbqjtj.supabase.co/storage/v1/object/public/uploads/product-1777103231046.webp?v=2,https://urqngkygaqaoiwdbqjtj.supabase.co/storage/v1/object/public/uploads/product-1777103227874.webp?v=2,https://urqngkygaqaoiwdbqjtj.supabase.co/storage/v1/object/public/uploads/product-1777103230598.webp?v=2,https://urqngkygaqaoiwdbqjtj.supabase.co/storage/v1/object/public/uploads/product-1777103231510.webp?v=2,https://urqngkygaqaoiwdbqjtj.supabase.co/storage/v1/object/public/uploads/product-1777103229643.webp?v=2,https://urqngkygaqaoiwdbqjtj.supabase.co/storage/v1/object/public/uploads/product-1777103230145.webp?v=2}', NULL, NULL, '478cec6d-1759-4ed4-88c2-326313a8d245', '2026-04-29 06:24:57.616', '2026-04-29 06:24:57.616');
INSERT INTO public."ProductVariant" VALUES ('7924cc74-42aa-47b4-88c7-6cbcc36014e4', 'Color: Multi colour, Size: XL', NULL, 1, '{https://urqngkygaqaoiwdbqjtj.supabase.co/storage/v1/object/public/uploads/product-1777103229171.webp?v=2,https://urqngkygaqaoiwdbqjtj.supabase.co/storage/v1/object/public/uploads/product-1777103231046.webp?v=2,https://urqngkygaqaoiwdbqjtj.supabase.co/storage/v1/object/public/uploads/product-1777103227874.webp?v=2,https://urqngkygaqaoiwdbqjtj.supabase.co/storage/v1/object/public/uploads/product-1777103230598.webp?v=2,https://urqngkygaqaoiwdbqjtj.supabase.co/storage/v1/object/public/uploads/product-1777103231510.webp?v=2,https://urqngkygaqaoiwdbqjtj.supabase.co/storage/v1/object/public/uploads/product-1777103229643.webp?v=2,https://urqngkygaqaoiwdbqjtj.supabase.co/storage/v1/object/public/uploads/product-1777103230145.webp?v=2}', NULL, NULL, '478cec6d-1759-4ed4-88c2-326313a8d245', '2026-04-29 06:24:57.616', '2026-04-29 06:24:57.616');
INSERT INTO public."ProductVariant" VALUES ('7b3a7b07-e1bd-46ac-b3a0-4decba552462', 'Color: Black, Size: M', NULL, 0, '{https://urqngkygaqaoiwdbqjtj.supabase.co/storage/v1/object/public/uploads/product-1777103318933.webp?v=2,https://urqngkygaqaoiwdbqjtj.supabase.co/storage/v1/object/public/uploads/product-1777103316246.webp?v=2,https://urqngkygaqaoiwdbqjtj.supabase.co/storage/v1/object/public/uploads/product-1777103317697.webp?v=2,https://urqngkygaqaoiwdbqjtj.supabase.co/storage/v1/object/public/uploads/product-1777103318116.webp?v=2,https://urqngkygaqaoiwdbqjtj.supabase.co/storage/v1/object/public/uploads/product-1777103317210.webp?v=2,https://urqngkygaqaoiwdbqjtj.supabase.co/storage/v1/object/public/uploads/product-1777103319766.webp?v=2,https://urqngkygaqaoiwdbqjtj.supabase.co/storage/v1/object/public/uploads/product-1777103318519.webp?v=2,https://urqngkygaqaoiwdbqjtj.supabase.co/storage/v1/object/public/uploads/product-1777103319321.webp?v=2}', NULL, NULL, 'a9d1a05f-eb33-4ad3-bda2-fa611aaf5c7b', '2026-04-29 06:40:31.286', '2026-04-29 06:40:31.286');
INSERT INTO public."ProductVariant" VALUES ('8678a479-fefb-419f-97da-9245dd92b307', 'Color: Multicolour, Size: L', NULL, 1, '{https://urqngkygaqaoiwdbqjtj.supabase.co/storage/v1/object/public/uploads/product-1777103098877.webp?v=2,https://urqngkygaqaoiwdbqjtj.supabase.co/storage/v1/object/public/uploads/product-1777103097090.webp?v=2,https://urqngkygaqaoiwdbqjtj.supabase.co/storage/v1/object/public/uploads/product-1777103098234.webp?v=2,https://urqngkygaqaoiwdbqjtj.supabase.co/storage/v1/object/public/uploads/product-1777103097511.webp?v=2,https://urqngkygaqaoiwdbqjtj.supabase.co/storage/v1/object/public/uploads/product-1777103099992.webp?v=2,https://urqngkygaqaoiwdbqjtj.supabase.co/storage/v1/object/public/uploads/product-1777103100487.webp?v=2,https://urqngkygaqaoiwdbqjtj.supabase.co/storage/v1/object/public/uploads/product-1777103099577.webp?v=2}', NULL, NULL, '64932421-c97c-432a-9b89-f22c522763cc', '2026-04-29 06:17:12.532', '2026-04-29 06:17:12.532');
INSERT INTO public."ProductVariant" VALUES ('8ed2bfe6-df06-45ed-b35c-248f70ec5337', 'Color: Multicolour, Size: XL', NULL, 1, '{https://urqngkygaqaoiwdbqjtj.supabase.co/storage/v1/object/public/uploads/product-1777103098877.webp?v=2,https://urqngkygaqaoiwdbqjtj.supabase.co/storage/v1/object/public/uploads/product-1777103097090.webp?v=2,https://urqngkygaqaoiwdbqjtj.supabase.co/storage/v1/object/public/uploads/product-1777103098234.webp?v=2,https://urqngkygaqaoiwdbqjtj.supabase.co/storage/v1/object/public/uploads/product-1777103097511.webp?v=2,https://urqngkygaqaoiwdbqjtj.supabase.co/storage/v1/object/public/uploads/product-1777103099992.webp?v=2,https://urqngkygaqaoiwdbqjtj.supabase.co/storage/v1/object/public/uploads/product-1777103100487.webp?v=2,https://urqngkygaqaoiwdbqjtj.supabase.co/storage/v1/object/public/uploads/product-1777103099577.webp?v=2}', NULL, NULL, '64932421-c97c-432a-9b89-f22c522763cc', '2026-04-29 06:17:12.532', '2026-04-29 06:17:12.532');
INSERT INTO public."ProductVariant" VALUES ('9e2c2442-3695-445c-b95f-5e7f700ef500', 'Color: Multicolour, Size: 2XL', NULL, 1, '{https://urqngkygaqaoiwdbqjtj.supabase.co/storage/v1/object/public/uploads/product-1777103098877.webp?v=2,https://urqngkygaqaoiwdbqjtj.supabase.co/storage/v1/object/public/uploads/product-1777103097090.webp?v=2,https://urqngkygaqaoiwdbqjtj.supabase.co/storage/v1/object/public/uploads/product-1777103098234.webp?v=2,https://urqngkygaqaoiwdbqjtj.supabase.co/storage/v1/object/public/uploads/product-1777103097511.webp?v=2,https://urqngkygaqaoiwdbqjtj.supabase.co/storage/v1/object/public/uploads/product-1777103099992.webp?v=2,https://urqngkygaqaoiwdbqjtj.supabase.co/storage/v1/object/public/uploads/product-1777103100487.webp?v=2,https://urqngkygaqaoiwdbqjtj.supabase.co/storage/v1/object/public/uploads/product-1777103099577.webp?v=2}', NULL, NULL, '64932421-c97c-432a-9b89-f22c522763cc', '2026-04-29 06:17:12.532', '2026-04-29 06:17:12.532');
INSERT INTO public."ProductVariant" VALUES ('72518fdc-588d-4076-9539-edd3adf1338b', 'Color: Pink, Size: M', NULL, 1, '{https://urqngkygaqaoiwdbqjtj.supabase.co/storage/v1/object/public/uploads/product-1777102379720.webp?v=2,https://urqngkygaqaoiwdbqjtj.supabase.co/storage/v1/object/public/uploads/product-1777102378213.webp?v=2,https://urqngkygaqaoiwdbqjtj.supabase.co/storage/v1/object/public/uploads/product-1777102377544.webp?v=2,https://urqngkygaqaoiwdbqjtj.supabase.co/storage/v1/object/public/uploads/product-1777102378672.webp?v=2,https://urqngkygaqaoiwdbqjtj.supabase.co/storage/v1/object/public/uploads/product-1777102379174.webp?v=2,https://urqngkygaqaoiwdbqjtj.supabase.co/storage/v1/object/public/uploads/product-1777102380309.webp?v=2,https://urqngkygaqaoiwdbqjtj.supabase.co/storage/v1/object/public/uploads/product-1777102380759.webp?v=2}', NULL, NULL, 'fe54a318-76b9-4577-81d5-1d767029149d', '2026-04-29 06:36:30.086', '2026-04-29 06:36:30.086');
INSERT INTO public."ProductVariant" VALUES ('b96f165b-a251-4da3-84b2-8763d5f681d6', 'Color: Pink, Size: L', NULL, 1, '{https://urqngkygaqaoiwdbqjtj.supabase.co/storage/v1/object/public/uploads/product-1777102379720.webp?v=2,https://urqngkygaqaoiwdbqjtj.supabase.co/storage/v1/object/public/uploads/product-1777102378213.webp?v=2,https://urqngkygaqaoiwdbqjtj.supabase.co/storage/v1/object/public/uploads/product-1777102377544.webp?v=2,https://urqngkygaqaoiwdbqjtj.supabase.co/storage/v1/object/public/uploads/product-1777102378672.webp?v=2,https://urqngkygaqaoiwdbqjtj.supabase.co/storage/v1/object/public/uploads/product-1777102379174.webp?v=2,https://urqngkygaqaoiwdbqjtj.supabase.co/storage/v1/object/public/uploads/product-1777102380309.webp?v=2,https://urqngkygaqaoiwdbqjtj.supabase.co/storage/v1/object/public/uploads/product-1777102380759.webp?v=2}', NULL, NULL, 'fe54a318-76b9-4577-81d5-1d767029149d', '2026-04-29 06:36:30.086', '2026-04-29 06:36:30.086');
INSERT INTO public."ProductVariant" VALUES ('981b39a0-daa3-420c-887c-0da7bc95fa4d', 'Color: Pink, Size: 2XL', NULL, 0, '{https://urqngkygaqaoiwdbqjtj.supabase.co/storage/v1/object/public/uploads/product-1777102379720.webp?v=2,https://urqngkygaqaoiwdbqjtj.supabase.co/storage/v1/object/public/uploads/product-1777102378213.webp?v=2,https://urqngkygaqaoiwdbqjtj.supabase.co/storage/v1/object/public/uploads/product-1777102377544.webp?v=2,https://urqngkygaqaoiwdbqjtj.supabase.co/storage/v1/object/public/uploads/product-1777102378672.webp?v=2,https://urqngkygaqaoiwdbqjtj.supabase.co/storage/v1/object/public/uploads/product-1777102379174.webp?v=2,https://urqngkygaqaoiwdbqjtj.supabase.co/storage/v1/object/public/uploads/product-1777102380309.webp?v=2,https://urqngkygaqaoiwdbqjtj.supabase.co/storage/v1/object/public/uploads/product-1777102380759.webp?v=2}', NULL, NULL, 'fe54a318-76b9-4577-81d5-1d767029149d', '2026-04-29 06:36:30.086', '2026-04-29 06:36:30.086');
INSERT INTO public."ProductVariant" VALUES ('09637528-73af-4b5b-993d-c0e85654d3ef', 'Color: Black, Size: L', NULL, 1, '{https://urqngkygaqaoiwdbqjtj.supabase.co/storage/v1/object/public/uploads/product-1777103318933.webp?v=2,https://urqngkygaqaoiwdbqjtj.supabase.co/storage/v1/object/public/uploads/product-1777103316246.webp?v=2,https://urqngkygaqaoiwdbqjtj.supabase.co/storage/v1/object/public/uploads/product-1777103317697.webp?v=2,https://urqngkygaqaoiwdbqjtj.supabase.co/storage/v1/object/public/uploads/product-1777103318116.webp?v=2,https://urqngkygaqaoiwdbqjtj.supabase.co/storage/v1/object/public/uploads/product-1777103317210.webp?v=2,https://urqngkygaqaoiwdbqjtj.supabase.co/storage/v1/object/public/uploads/product-1777103319766.webp?v=2,https://urqngkygaqaoiwdbqjtj.supabase.co/storage/v1/object/public/uploads/product-1777103318519.webp?v=2,https://urqngkygaqaoiwdbqjtj.supabase.co/storage/v1/object/public/uploads/product-1777103319321.webp?v=2}', NULL, NULL, 'a9d1a05f-eb33-4ad3-bda2-fa611aaf5c7b', '2026-04-29 06:40:31.286', '2026-04-29 06:40:31.286');
INSERT INTO public."ProductVariant" VALUES ('f4174235-3836-413c-8b1f-6e37fcd4a534', 'Color: Black, Size: XL', NULL, 1, '{https://urqngkygaqaoiwdbqjtj.supabase.co/storage/v1/object/public/uploads/product-1777103318933.webp?v=2,https://urqngkygaqaoiwdbqjtj.supabase.co/storage/v1/object/public/uploads/product-1777103316246.webp?v=2,https://urqngkygaqaoiwdbqjtj.supabase.co/storage/v1/object/public/uploads/product-1777103317697.webp?v=2,https://urqngkygaqaoiwdbqjtj.supabase.co/storage/v1/object/public/uploads/product-1777103318116.webp?v=2,https://urqngkygaqaoiwdbqjtj.supabase.co/storage/v1/object/public/uploads/product-1777103317210.webp?v=2,https://urqngkygaqaoiwdbqjtj.supabase.co/storage/v1/object/public/uploads/product-1777103319766.webp?v=2,https://urqngkygaqaoiwdbqjtj.supabase.co/storage/v1/object/public/uploads/product-1777103318519.webp?v=2,https://urqngkygaqaoiwdbqjtj.supabase.co/storage/v1/object/public/uploads/product-1777103319321.webp?v=2}', NULL, NULL, 'a9d1a05f-eb33-4ad3-bda2-fa611aaf5c7b', '2026-04-29 06:40:31.286', '2026-04-29 06:40:31.286');
INSERT INTO public."ProductVariant" VALUES ('3e56a678-b664-4787-b5a7-7a60e751f95b', 'Color: Black, Size: 2XL', NULL, 2, '{https://urqngkygaqaoiwdbqjtj.supabase.co/storage/v1/object/public/uploads/product-1777103318933.webp?v=2,https://urqngkygaqaoiwdbqjtj.supabase.co/storage/v1/object/public/uploads/product-1777103316246.webp?v=2,https://urqngkygaqaoiwdbqjtj.supabase.co/storage/v1/object/public/uploads/product-1777103317697.webp?v=2,https://urqngkygaqaoiwdbqjtj.supabase.co/storage/v1/object/public/uploads/product-1777103318116.webp?v=2,https://urqngkygaqaoiwdbqjtj.supabase.co/storage/v1/object/public/uploads/product-1777103317210.webp?v=2,https://urqngkygaqaoiwdbqjtj.supabase.co/storage/v1/object/public/uploads/product-1777103319766.webp?v=2,https://urqngkygaqaoiwdbqjtj.supabase.co/storage/v1/object/public/uploads/product-1777103318519.webp?v=2,https://urqngkygaqaoiwdbqjtj.supabase.co/storage/v1/object/public/uploads/product-1777103319321.webp?v=2}', NULL, NULL, 'a9d1a05f-eb33-4ad3-bda2-fa611aaf5c7b', '2026-04-29 06:40:31.286', '2026-04-29 06:40:31.286');
INSERT INTO public."ProductVariant" VALUES ('7b4edb3c-765a-49a0-9e2c-54902fbf2ad1', 'Color: indigo, Size: L', NULL, 1, '{https://urqngkygaqaoiwdbqjtj.supabase.co/storage/v1/object/public/uploads/product-1777118605629.webp,https://urqngkygaqaoiwdbqjtj.supabase.co/storage/v1/object/public/uploads/product-1777118606695.webp,https://urqngkygaqaoiwdbqjtj.supabase.co/storage/v1/object/public/uploads/product-1777118607828.webp,https://urqngkygaqaoiwdbqjtj.supabase.co/storage/v1/object/public/uploads/product-1777118608426.webp,https://urqngkygaqaoiwdbqjtj.supabase.co/storage/v1/object/public/uploads/product-1777118609493.webp,https://urqngkygaqaoiwdbqjtj.supabase.co/storage/v1/object/public/uploads/product-1777118610046.webp,https://urqngkygaqaoiwdbqjtj.supabase.co/storage/v1/object/public/uploads/product-1777118610773.webp}', NULL, NULL, 'a94742a6-d946-4d41-bed1-effeb7bd3fb4', '2026-04-25 12:12:43.32', '2026-04-25 12:12:43.32');
INSERT INTO public."ProductVariant" VALUES ('66b99b6a-0892-4c75-a5a8-c378a80399b6', 'Color: indigo, Size: XL', NULL, 1, '{https://urqngkygaqaoiwdbqjtj.supabase.co/storage/v1/object/public/uploads/product-1777118605629.webp,https://urqngkygaqaoiwdbqjtj.supabase.co/storage/v1/object/public/uploads/product-1777118606695.webp,https://urqngkygaqaoiwdbqjtj.supabase.co/storage/v1/object/public/uploads/product-1777118607828.webp,https://urqngkygaqaoiwdbqjtj.supabase.co/storage/v1/object/public/uploads/product-1777118608426.webp,https://urqngkygaqaoiwdbqjtj.supabase.co/storage/v1/object/public/uploads/product-1777118609493.webp,https://urqngkygaqaoiwdbqjtj.supabase.co/storage/v1/object/public/uploads/product-1777118610046.webp,https://urqngkygaqaoiwdbqjtj.supabase.co/storage/v1/object/public/uploads/product-1777118610773.webp}', NULL, NULL, 'a94742a6-d946-4d41-bed1-effeb7bd3fb4', '2026-04-25 12:12:43.32', '2026-04-25 12:12:43.32');
INSERT INTO public."ProductVariant" VALUES ('6adc8a0a-1482-4178-93e9-55a30327f171', 'Color: Multi colour, Size: 2XL', NULL, 1, '{https://urqngkygaqaoiwdbqjtj.supabase.co/storage/v1/object/public/uploads/product-1777103229171.webp?v=2,https://urqngkygaqaoiwdbqjtj.supabase.co/storage/v1/object/public/uploads/product-1777103231046.webp?v=2,https://urqngkygaqaoiwdbqjtj.supabase.co/storage/v1/object/public/uploads/product-1777103227874.webp?v=2,https://urqngkygaqaoiwdbqjtj.supabase.co/storage/v1/object/public/uploads/product-1777103230598.webp?v=2,https://urqngkygaqaoiwdbqjtj.supabase.co/storage/v1/object/public/uploads/product-1777103231510.webp?v=2,https://urqngkygaqaoiwdbqjtj.supabase.co/storage/v1/object/public/uploads/product-1777103229643.webp?v=2,https://urqngkygaqaoiwdbqjtj.supabase.co/storage/v1/object/public/uploads/product-1777103230145.webp?v=2}', NULL, NULL, '478cec6d-1759-4ed4-88c2-326313a8d245', '2026-04-29 06:24:57.616', '2026-04-29 06:24:57.616');
INSERT INTO public."ProductVariant" VALUES ('1388f6a9-0a40-4f93-87a4-6a9977dd628d', 'Color: Multi colour, Size: M', NULL, 1, '{https://urqngkygaqaoiwdbqjtj.supabase.co/storage/v1/object/public/uploads/product-1777103229171.webp?v=2,https://urqngkygaqaoiwdbqjtj.supabase.co/storage/v1/object/public/uploads/product-1777103231046.webp?v=2,https://urqngkygaqaoiwdbqjtj.supabase.co/storage/v1/object/public/uploads/product-1777103227874.webp?v=2,https://urqngkygaqaoiwdbqjtj.supabase.co/storage/v1/object/public/uploads/product-1777103230598.webp?v=2,https://urqngkygaqaoiwdbqjtj.supabase.co/storage/v1/object/public/uploads/product-1777103231510.webp?v=2,https://urqngkygaqaoiwdbqjtj.supabase.co/storage/v1/object/public/uploads/product-1777103229643.webp?v=2,https://urqngkygaqaoiwdbqjtj.supabase.co/storage/v1/object/public/uploads/product-1777103230145.webp?v=2}', NULL, NULL, '478cec6d-1759-4ed4-88c2-326313a8d245', '2026-04-29 06:24:57.616', '2026-04-29 06:24:57.616');
INSERT INTO public."ProductVariant" VALUES ('3719817c-519b-475e-b844-9b32eb0de15c', 'Color: Multicolour, Size: M', NULL, 1, '{https://urqngkygaqaoiwdbqjtj.supabase.co/storage/v1/object/public/uploads/product-1777103098877.webp?v=2,https://urqngkygaqaoiwdbqjtj.supabase.co/storage/v1/object/public/uploads/product-1777103097090.webp?v=2,https://urqngkygaqaoiwdbqjtj.supabase.co/storage/v1/object/public/uploads/product-1777103098234.webp?v=2,https://urqngkygaqaoiwdbqjtj.supabase.co/storage/v1/object/public/uploads/product-1777103097511.webp?v=2,https://urqngkygaqaoiwdbqjtj.supabase.co/storage/v1/object/public/uploads/product-1777103099992.webp?v=2,https://urqngkygaqaoiwdbqjtj.supabase.co/storage/v1/object/public/uploads/product-1777103100487.webp?v=2,https://urqngkygaqaoiwdbqjtj.supabase.co/storage/v1/object/public/uploads/product-1777103099577.webp?v=2}', NULL, NULL, '64932421-c97c-432a-9b89-f22c522763cc', '2026-04-29 06:17:12.532', '2026-04-29 07:01:55.898');
INSERT INTO public."ProductVariant" VALUES ('817285cd-cd12-4f5d-a572-40fd88da468d', 'Color: Light Yellow, Size: M', NULL, 1, '{https://urqngkygaqaoiwdbqjtj.supabase.co/storage/v1/object/public/uploads/product-1777103052193.webp?v=2,https://urqngkygaqaoiwdbqjtj.supabase.co/storage/v1/object/public/uploads/product-1777103053044.webp?v=2,https://urqngkygaqaoiwdbqjtj.supabase.co/storage/v1/object/public/uploads/product-1777103052658.webp?v=2,https://urqngkygaqaoiwdbqjtj.supabase.co/storage/v1/object/public/uploads/product-1777103051366.webp?v=2,https://urqngkygaqaoiwdbqjtj.supabase.co/storage/v1/object/public/uploads/product-1777103050509.webp?v=2,https://urqngkygaqaoiwdbqjtj.supabase.co/storage/v1/object/public/uploads/product-1777103053511.webp?v=2,https://urqngkygaqaoiwdbqjtj.supabase.co/storage/v1/object/public/uploads/product-1777103053891.webp?v=2}', NULL, NULL, 'e80ea23f-a3e4-460f-a540-c2fc805d3dd8', '2026-04-29 06:27:21.666', '2026-04-29 06:27:21.666');
INSERT INTO public."ProductVariant" VALUES ('7988c7bb-5479-4a35-a5e5-1623e8b15710', 'Color: Light Yellow, Size: L', NULL, 1, '{https://urqngkygaqaoiwdbqjtj.supabase.co/storage/v1/object/public/uploads/product-1777103052193.webp?v=2,https://urqngkygaqaoiwdbqjtj.supabase.co/storage/v1/object/public/uploads/product-1777103053044.webp?v=2,https://urqngkygaqaoiwdbqjtj.supabase.co/storage/v1/object/public/uploads/product-1777103052658.webp?v=2,https://urqngkygaqaoiwdbqjtj.supabase.co/storage/v1/object/public/uploads/product-1777103051366.webp?v=2,https://urqngkygaqaoiwdbqjtj.supabase.co/storage/v1/object/public/uploads/product-1777103050509.webp?v=2,https://urqngkygaqaoiwdbqjtj.supabase.co/storage/v1/object/public/uploads/product-1777103053511.webp?v=2,https://urqngkygaqaoiwdbqjtj.supabase.co/storage/v1/object/public/uploads/product-1777103053891.webp?v=2}', NULL, NULL, 'e80ea23f-a3e4-460f-a540-c2fc805d3dd8', '2026-04-29 06:27:21.666', '2026-04-29 06:27:21.666');
INSERT INTO public."ProductVariant" VALUES ('2b862691-a726-456e-a92f-92f2e2ece173', 'Color: Light Yellow, Size: XL', NULL, 1, '{https://urqngkygaqaoiwdbqjtj.supabase.co/storage/v1/object/public/uploads/product-1777103052193.webp?v=2,https://urqngkygaqaoiwdbqjtj.supabase.co/storage/v1/object/public/uploads/product-1777103053044.webp?v=2,https://urqngkygaqaoiwdbqjtj.supabase.co/storage/v1/object/public/uploads/product-1777103052658.webp?v=2,https://urqngkygaqaoiwdbqjtj.supabase.co/storage/v1/object/public/uploads/product-1777103051366.webp?v=2,https://urqngkygaqaoiwdbqjtj.supabase.co/storage/v1/object/public/uploads/product-1777103050509.webp?v=2,https://urqngkygaqaoiwdbqjtj.supabase.co/storage/v1/object/public/uploads/product-1777103053511.webp?v=2,https://urqngkygaqaoiwdbqjtj.supabase.co/storage/v1/object/public/uploads/product-1777103053891.webp?v=2}', NULL, NULL, 'e80ea23f-a3e4-460f-a540-c2fc805d3dd8', '2026-04-29 06:27:21.666', '2026-04-29 06:27:21.666');
INSERT INTO public."ProductVariant" VALUES ('60fb6cf8-2446-4af4-a046-4682f9286ab7', 'Color: Peach, Size: M', NULL, 1, '{https://urqngkygaqaoiwdbqjtj.supabase.co/storage/v1/object/public/uploads/product-1777102120648.webp?v=2,https://urqngkygaqaoiwdbqjtj.supabase.co/storage/v1/object/public/uploads/product-1777102119275.webp?v=2,https://urqngkygaqaoiwdbqjtj.supabase.co/storage/v1/object/public/uploads/product-1777102121115.webp?v=2,https://urqngkygaqaoiwdbqjtj.supabase.co/storage/v1/object/public/uploads/product-1777102119926.webp?v=2,https://urqngkygaqaoiwdbqjtj.supabase.co/storage/v1/object/public/uploads/product-1777102121602.webp?v=2,https://urqngkygaqaoiwdbqjtj.supabase.co/storage/v1/object/public/uploads/product-1777102122161.webp?v=2}', NULL, NULL, 'd25bf760-b535-4755-91ec-aeca8b163832', '2026-04-29 07:08:09.088', '2026-04-29 07:08:09.088');
INSERT INTO public."ProductVariant" VALUES ('7e13ffc7-11d7-4edd-a4fc-ae5235c27e90', 'Color: Peach, Size: L', NULL, 1, '{https://urqngkygaqaoiwdbqjtj.supabase.co/storage/v1/object/public/uploads/product-1777102120648.webp?v=2,https://urqngkygaqaoiwdbqjtj.supabase.co/storage/v1/object/public/uploads/product-1777102119275.webp?v=2,https://urqngkygaqaoiwdbqjtj.supabase.co/storage/v1/object/public/uploads/product-1777102121115.webp?v=2,https://urqngkygaqaoiwdbqjtj.supabase.co/storage/v1/object/public/uploads/product-1777102119926.webp?v=2,https://urqngkygaqaoiwdbqjtj.supabase.co/storage/v1/object/public/uploads/product-1777102121602.webp?v=2,https://urqngkygaqaoiwdbqjtj.supabase.co/storage/v1/object/public/uploads/product-1777102122161.webp?v=2}', NULL, NULL, 'd25bf760-b535-4755-91ec-aeca8b163832', '2026-04-29 07:08:09.088', '2026-04-29 07:08:09.088');
INSERT INTO public."ProductVariant" VALUES ('ce2c5021-c495-4305-a01f-a44208cbe378', 'Color: Light Yellow, Size: 2XL', NULL, 1, '{https://urqngkygaqaoiwdbqjtj.supabase.co/storage/v1/object/public/uploads/product-1777103052193.webp?v=2,https://urqngkygaqaoiwdbqjtj.supabase.co/storage/v1/object/public/uploads/product-1777103053044.webp?v=2,https://urqngkygaqaoiwdbqjtj.supabase.co/storage/v1/object/public/uploads/product-1777103052658.webp?v=2,https://urqngkygaqaoiwdbqjtj.supabase.co/storage/v1/object/public/uploads/product-1777103051366.webp?v=2,https://urqngkygaqaoiwdbqjtj.supabase.co/storage/v1/object/public/uploads/product-1777103050509.webp?v=2,https://urqngkygaqaoiwdbqjtj.supabase.co/storage/v1/object/public/uploads/product-1777103053511.webp?v=2,https://urqngkygaqaoiwdbqjtj.supabase.co/storage/v1/object/public/uploads/product-1777103053891.webp?v=2}', NULL, NULL, 'e80ea23f-a3e4-460f-a540-c2fc805d3dd8', '2026-04-29 06:27:21.666', '2026-04-29 06:27:21.666');
INSERT INTO public."ProductVariant" VALUES ('9be98c4e-f9c1-4028-8e51-4e70d391255a', 'Color: Peach, Size: XL', NULL, 1, '{https://urqngkygaqaoiwdbqjtj.supabase.co/storage/v1/object/public/uploads/product-1777102120648.webp?v=2,https://urqngkygaqaoiwdbqjtj.supabase.co/storage/v1/object/public/uploads/product-1777102119275.webp?v=2,https://urqngkygaqaoiwdbqjtj.supabase.co/storage/v1/object/public/uploads/product-1777102121115.webp?v=2,https://urqngkygaqaoiwdbqjtj.supabase.co/storage/v1/object/public/uploads/product-1777102119926.webp?v=2,https://urqngkygaqaoiwdbqjtj.supabase.co/storage/v1/object/public/uploads/product-1777102121602.webp?v=2,https://urqngkygaqaoiwdbqjtj.supabase.co/storage/v1/object/public/uploads/product-1777102122161.webp?v=2}', NULL, NULL, 'd25bf760-b535-4755-91ec-aeca8b163832', '2026-04-29 07:08:09.088', '2026-04-29 07:08:09.088');
INSERT INTO public."ProductVariant" VALUES ('2abd176a-1522-45f9-b589-1719d9b50edc', 'Color: Peach, Size: 2XL', NULL, 0, '{https://urqngkygaqaoiwdbqjtj.supabase.co/storage/v1/object/public/uploads/product-1777102120648.webp?v=2,https://urqngkygaqaoiwdbqjtj.supabase.co/storage/v1/object/public/uploads/product-1777102119275.webp?v=2,https://urqngkygaqaoiwdbqjtj.supabase.co/storage/v1/object/public/uploads/product-1777102121115.webp?v=2,https://urqngkygaqaoiwdbqjtj.supabase.co/storage/v1/object/public/uploads/product-1777102119926.webp?v=2,https://urqngkygaqaoiwdbqjtj.supabase.co/storage/v1/object/public/uploads/product-1777102121602.webp?v=2,https://urqngkygaqaoiwdbqjtj.supabase.co/storage/v1/object/public/uploads/product-1777102122161.webp?v=2}', NULL, NULL, 'd25bf760-b535-4755-91ec-aeca8b163832', '2026-04-29 07:08:09.088', '2026-04-29 07:08:09.088');
INSERT INTO public."ProductVariant" VALUES ('a288d1f8-1d02-4830-b5e4-5b4a3cee0439', 'Color: Off White , Size: M', NULL, 1, '{https://urqngkygaqaoiwdbqjtj.supabase.co/storage/v1/object/public/uploads/product-1777102949078.webp?v=2,https://urqngkygaqaoiwdbqjtj.supabase.co/storage/v1/object/public/uploads/product-1777102948346.webp?v=2,https://urqngkygaqaoiwdbqjtj.supabase.co/storage/v1/object/public/uploads/product-1777102947903.webp?v=2,https://urqngkygaqaoiwdbqjtj.supabase.co/storage/v1/object/public/uploads/product-1777102947150.webp?v=2,https://urqngkygaqaoiwdbqjtj.supabase.co/storage/v1/object/public/uploads/product-1777102950520.webp?v=2,https://urqngkygaqaoiwdbqjtj.supabase.co/storage/v1/object/public/uploads/product-1777102950044.webp?v=2,https://urqngkygaqaoiwdbqjtj.supabase.co/storage/v1/object/public/uploads/product-1777102949563.webp?v=2}', NULL, NULL, '600a0a7f-ae4a-4414-8b06-7e55090b93aa', '2026-04-29 06:28:04.486', '2026-04-29 06:28:04.486');
INSERT INTO public."ProductVariant" VALUES ('ce6c5611-f87f-4f00-89c0-2bbd810e18b7', 'Color: Off White , Size: L', NULL, 0, '{https://urqngkygaqaoiwdbqjtj.supabase.co/storage/v1/object/public/uploads/product-1777102949078.webp?v=2,https://urqngkygaqaoiwdbqjtj.supabase.co/storage/v1/object/public/uploads/product-1777102948346.webp?v=2,https://urqngkygaqaoiwdbqjtj.supabase.co/storage/v1/object/public/uploads/product-1777102947903.webp?v=2,https://urqngkygaqaoiwdbqjtj.supabase.co/storage/v1/object/public/uploads/product-1777102947150.webp?v=2,https://urqngkygaqaoiwdbqjtj.supabase.co/storage/v1/object/public/uploads/product-1777102950520.webp?v=2,https://urqngkygaqaoiwdbqjtj.supabase.co/storage/v1/object/public/uploads/product-1777102950044.webp?v=2,https://urqngkygaqaoiwdbqjtj.supabase.co/storage/v1/object/public/uploads/product-1777102949563.webp?v=2}', NULL, NULL, '600a0a7f-ae4a-4414-8b06-7e55090b93aa', '2026-04-29 06:28:04.486', '2026-04-29 06:28:04.486');
INSERT INTO public."ProductVariant" VALUES ('cf92c67b-bc9f-4a5a-9366-2685697f271f', 'Color: indigo, Size: 2XL', NULL, 1, '{https://urqngkygaqaoiwdbqjtj.supabase.co/storage/v1/object/public/uploads/product-1777118605629.webp,https://urqngkygaqaoiwdbqjtj.supabase.co/storage/v1/object/public/uploads/product-1777118606695.webp,https://urqngkygaqaoiwdbqjtj.supabase.co/storage/v1/object/public/uploads/product-1777118607828.webp,https://urqngkygaqaoiwdbqjtj.supabase.co/storage/v1/object/public/uploads/product-1777118608426.webp,https://urqngkygaqaoiwdbqjtj.supabase.co/storage/v1/object/public/uploads/product-1777118609493.webp,https://urqngkygaqaoiwdbqjtj.supabase.co/storage/v1/object/public/uploads/product-1777118610046.webp,https://urqngkygaqaoiwdbqjtj.supabase.co/storage/v1/object/public/uploads/product-1777118610773.webp}', NULL, NULL, 'a94742a6-d946-4d41-bed1-effeb7bd3fb4', '2026-04-25 12:12:43.32', '2026-04-25 12:12:43.32');
INSERT INTO public."ProductVariant" VALUES ('53c857c2-ba2a-4672-93f5-b5cbb1b7b89d', 'Color: Off White , Size: XL', NULL, 1, '{https://urqngkygaqaoiwdbqjtj.supabase.co/storage/v1/object/public/uploads/product-1777102949078.webp?v=2,https://urqngkygaqaoiwdbqjtj.supabase.co/storage/v1/object/public/uploads/product-1777102948346.webp?v=2,https://urqngkygaqaoiwdbqjtj.supabase.co/storage/v1/object/public/uploads/product-1777102947903.webp?v=2,https://urqngkygaqaoiwdbqjtj.supabase.co/storage/v1/object/public/uploads/product-1777102947150.webp?v=2,https://urqngkygaqaoiwdbqjtj.supabase.co/storage/v1/object/public/uploads/product-1777102950520.webp?v=2,https://urqngkygaqaoiwdbqjtj.supabase.co/storage/v1/object/public/uploads/product-1777102950044.webp?v=2,https://urqngkygaqaoiwdbqjtj.supabase.co/storage/v1/object/public/uploads/product-1777102949563.webp?v=2}', NULL, NULL, '600a0a7f-ae4a-4414-8b06-7e55090b93aa', '2026-04-29 06:28:04.486', '2026-04-29 06:28:04.486');
INSERT INTO public."ProductVariant" VALUES ('08b93623-5f23-47b2-9c19-925efcd9c858', 'Color: Off White , Size: 2XL', NULL, 1, '{https://urqngkygaqaoiwdbqjtj.supabase.co/storage/v1/object/public/uploads/product-1777102949078.webp?v=2,https://urqngkygaqaoiwdbqjtj.supabase.co/storage/v1/object/public/uploads/product-1777102948346.webp?v=2,https://urqngkygaqaoiwdbqjtj.supabase.co/storage/v1/object/public/uploads/product-1777102947903.webp?v=2,https://urqngkygaqaoiwdbqjtj.supabase.co/storage/v1/object/public/uploads/product-1777102947150.webp?v=2,https://urqngkygaqaoiwdbqjtj.supabase.co/storage/v1/object/public/uploads/product-1777102950520.webp?v=2,https://urqngkygaqaoiwdbqjtj.supabase.co/storage/v1/object/public/uploads/product-1777102950044.webp?v=2,https://urqngkygaqaoiwdbqjtj.supabase.co/storage/v1/object/public/uploads/product-1777102949563.webp?v=2}', NULL, NULL, '600a0a7f-ae4a-4414-8b06-7e55090b93aa', '2026-04-29 06:28:04.486', '2026-04-29 06:28:04.486');
INSERT INTO public."ProductVariant" VALUES ('66487b35-a438-42b4-bbb2-f4a6db8a6c52', 'Color: Teracotta, Size: M', NULL, 1, '{https://urqngkygaqaoiwdbqjtj.supabase.co/storage/v1/object/public/uploads/product-1777102887511.webp?v=2,https://urqngkygaqaoiwdbqjtj.supabase.co/storage/v1/object/public/uploads/product-1777102888159.webp?v=2,https://urqngkygaqaoiwdbqjtj.supabase.co/storage/v1/object/public/uploads/product-1777102888563.webp?v=2,https://urqngkygaqaoiwdbqjtj.supabase.co/storage/v1/object/public/uploads/product-1777102888962.webp?v=2,https://urqngkygaqaoiwdbqjtj.supabase.co/storage/v1/object/public/uploads/product-1777102889364.webp?v=2,https://urqngkygaqaoiwdbqjtj.supabase.co/storage/v1/object/public/uploads/product-1777102891106.webp?v=2,https://urqngkygaqaoiwdbqjtj.supabase.co/storage/v1/object/public/uploads/product-1777102889811.webp?v=2,https://urqngkygaqaoiwdbqjtj.supabase.co/storage/v1/object/public/uploads/product-1777102890689.webp?v=2}', NULL, NULL, '6004ffab-7236-44df-a1f6-c1145c40367e', '2026-04-29 06:29:45.182', '2026-04-29 06:29:45.182');
INSERT INTO public."ProductVariant" VALUES ('39aa0d05-0895-4825-ad79-ac9b2924f464', 'Color: Teracotta, Size: L', NULL, 0, '{https://urqngkygaqaoiwdbqjtj.supabase.co/storage/v1/object/public/uploads/product-1777102887511.webp?v=2,https://urqngkygaqaoiwdbqjtj.supabase.co/storage/v1/object/public/uploads/product-1777102888159.webp?v=2,https://urqngkygaqaoiwdbqjtj.supabase.co/storage/v1/object/public/uploads/product-1777102888563.webp?v=2,https://urqngkygaqaoiwdbqjtj.supabase.co/storage/v1/object/public/uploads/product-1777102888962.webp?v=2,https://urqngkygaqaoiwdbqjtj.supabase.co/storage/v1/object/public/uploads/product-1777102889364.webp?v=2,https://urqngkygaqaoiwdbqjtj.supabase.co/storage/v1/object/public/uploads/product-1777102891106.webp?v=2,https://urqngkygaqaoiwdbqjtj.supabase.co/storage/v1/object/public/uploads/product-1777102889811.webp?v=2,https://urqngkygaqaoiwdbqjtj.supabase.co/storage/v1/object/public/uploads/product-1777102890689.webp?v=2}', NULL, NULL, '6004ffab-7236-44df-a1f6-c1145c40367e', '2026-04-29 06:29:45.182', '2026-04-29 06:29:45.182');
INSERT INTO public."ProductVariant" VALUES ('77ba8171-d3e7-47af-acdc-ec477dc7acce', 'Color: Teracotta, Size: XL', NULL, 1, '{https://urqngkygaqaoiwdbqjtj.supabase.co/storage/v1/object/public/uploads/product-1777102887511.webp?v=2,https://urqngkygaqaoiwdbqjtj.supabase.co/storage/v1/object/public/uploads/product-1777102888159.webp?v=2,https://urqngkygaqaoiwdbqjtj.supabase.co/storage/v1/object/public/uploads/product-1777102888563.webp?v=2,https://urqngkygaqaoiwdbqjtj.supabase.co/storage/v1/object/public/uploads/product-1777102888962.webp?v=2,https://urqngkygaqaoiwdbqjtj.supabase.co/storage/v1/object/public/uploads/product-1777102889364.webp?v=2,https://urqngkygaqaoiwdbqjtj.supabase.co/storage/v1/object/public/uploads/product-1777102891106.webp?v=2,https://urqngkygaqaoiwdbqjtj.supabase.co/storage/v1/object/public/uploads/product-1777102889811.webp?v=2,https://urqngkygaqaoiwdbqjtj.supabase.co/storage/v1/object/public/uploads/product-1777102890689.webp?v=2}', NULL, NULL, '6004ffab-7236-44df-a1f6-c1145c40367e', '2026-04-29 06:29:45.182', '2026-04-29 06:29:45.182');
INSERT INTO public."ProductVariant" VALUES ('e216ce81-6697-4a18-9a60-f643e91e9181', 'Color: Teracotta, Size: 2XL', NULL, 0, '{https://urqngkygaqaoiwdbqjtj.supabase.co/storage/v1/object/public/uploads/product-1777102887511.webp?v=2,https://urqngkygaqaoiwdbqjtj.supabase.co/storage/v1/object/public/uploads/product-1777102888159.webp?v=2,https://urqngkygaqaoiwdbqjtj.supabase.co/storage/v1/object/public/uploads/product-1777102888563.webp?v=2,https://urqngkygaqaoiwdbqjtj.supabase.co/storage/v1/object/public/uploads/product-1777102888962.webp?v=2,https://urqngkygaqaoiwdbqjtj.supabase.co/storage/v1/object/public/uploads/product-1777102889364.webp?v=2,https://urqngkygaqaoiwdbqjtj.supabase.co/storage/v1/object/public/uploads/product-1777102891106.webp?v=2,https://urqngkygaqaoiwdbqjtj.supabase.co/storage/v1/object/public/uploads/product-1777102889811.webp?v=2,https://urqngkygaqaoiwdbqjtj.supabase.co/storage/v1/object/public/uploads/product-1777102890689.webp?v=2}', NULL, NULL, '6004ffab-7236-44df-a1f6-c1145c40367e', '2026-04-29 06:29:45.182', '2026-04-29 06:29:45.182');
INSERT INTO public."ProductVariant" VALUES ('20235642-9c89-4293-a715-4b4ae31dda3a', 'Color: Indigo , Size: M', NULL, 0, '{https://urqngkygaqaoiwdbqjtj.supabase.co/storage/v1/object/public/uploads/product-1777102773105.webp?v=2,https://urqngkygaqaoiwdbqjtj.supabase.co/storage/v1/object/public/uploads/product-1777102773802.webp?v=2,https://urqngkygaqaoiwdbqjtj.supabase.co/storage/v1/object/public/uploads/product-1777102774266.webp?v=2,https://urqngkygaqaoiwdbqjtj.supabase.co/storage/v1/object/public/uploads/product-1777102774687.webp?v=2,https://urqngkygaqaoiwdbqjtj.supabase.co/storage/v1/object/public/uploads/product-1777102775128.webp?v=2,https://urqngkygaqaoiwdbqjtj.supabase.co/storage/v1/object/public/uploads/product-1777102775564.webp?v=2,https://urqngkygaqaoiwdbqjtj.supabase.co/storage/v1/object/public/uploads/product-1777102776016.webp?v=2}', NULL, NULL, 'a59a0ce1-5f0a-4e94-b59e-76a403ca9ed0', '2026-04-29 06:30:49.399', '2026-04-29 06:30:49.399');
INSERT INTO public."ProductVariant" VALUES ('1b8d7f9d-7c65-45a4-a10a-3351aa25c3e3', 'Color: Indigo , Size: L', NULL, 1, '{https://urqngkygaqaoiwdbqjtj.supabase.co/storage/v1/object/public/uploads/product-1777102773105.webp?v=2,https://urqngkygaqaoiwdbqjtj.supabase.co/storage/v1/object/public/uploads/product-1777102773802.webp?v=2,https://urqngkygaqaoiwdbqjtj.supabase.co/storage/v1/object/public/uploads/product-1777102774266.webp?v=2,https://urqngkygaqaoiwdbqjtj.supabase.co/storage/v1/object/public/uploads/product-1777102774687.webp?v=2,https://urqngkygaqaoiwdbqjtj.supabase.co/storage/v1/object/public/uploads/product-1777102775128.webp?v=2,https://urqngkygaqaoiwdbqjtj.supabase.co/storage/v1/object/public/uploads/product-1777102775564.webp?v=2,https://urqngkygaqaoiwdbqjtj.supabase.co/storage/v1/object/public/uploads/product-1777102776016.webp?v=2}', NULL, NULL, 'a59a0ce1-5f0a-4e94-b59e-76a403ca9ed0', '2026-04-29 06:30:49.399', '2026-04-29 06:30:49.399');
INSERT INTO public."ProductVariant" VALUES ('f5933167-31cc-41df-89dc-5f3a3cbba379', 'Color: Indigo , Size: XL', NULL, 1, '{https://urqngkygaqaoiwdbqjtj.supabase.co/storage/v1/object/public/uploads/product-1777102773105.webp?v=2,https://urqngkygaqaoiwdbqjtj.supabase.co/storage/v1/object/public/uploads/product-1777102773802.webp?v=2,https://urqngkygaqaoiwdbqjtj.supabase.co/storage/v1/object/public/uploads/product-1777102774266.webp?v=2,https://urqngkygaqaoiwdbqjtj.supabase.co/storage/v1/object/public/uploads/product-1777102774687.webp?v=2,https://urqngkygaqaoiwdbqjtj.supabase.co/storage/v1/object/public/uploads/product-1777102775128.webp?v=2,https://urqngkygaqaoiwdbqjtj.supabase.co/storage/v1/object/public/uploads/product-1777102775564.webp?v=2,https://urqngkygaqaoiwdbqjtj.supabase.co/storage/v1/object/public/uploads/product-1777102776016.webp?v=2}', NULL, NULL, 'a59a0ce1-5f0a-4e94-b59e-76a403ca9ed0', '2026-04-29 06:30:49.399', '2026-04-29 06:30:49.399');
INSERT INTO public."ProductVariant" VALUES ('11e128ab-08c7-44c9-95e6-ac1ad1d95d91', 'Color: Indigo , Size: 2XL', NULL, 1, '{https://urqngkygaqaoiwdbqjtj.supabase.co/storage/v1/object/public/uploads/product-1777102773105.webp?v=2,https://urqngkygaqaoiwdbqjtj.supabase.co/storage/v1/object/public/uploads/product-1777102773802.webp?v=2,https://urqngkygaqaoiwdbqjtj.supabase.co/storage/v1/object/public/uploads/product-1777102774266.webp?v=2,https://urqngkygaqaoiwdbqjtj.supabase.co/storage/v1/object/public/uploads/product-1777102774687.webp?v=2,https://urqngkygaqaoiwdbqjtj.supabase.co/storage/v1/object/public/uploads/product-1777102775128.webp?v=2,https://urqngkygaqaoiwdbqjtj.supabase.co/storage/v1/object/public/uploads/product-1777102775564.webp?v=2,https://urqngkygaqaoiwdbqjtj.supabase.co/storage/v1/object/public/uploads/product-1777102776016.webp?v=2}', NULL, NULL, 'a59a0ce1-5f0a-4e94-b59e-76a403ca9ed0', '2026-04-29 06:30:49.399', '2026-04-29 06:30:49.399');
INSERT INTO public."ProductVariant" VALUES ('7fe9f690-d949-4923-bb76-8c8741591693', 'Color: Black, Size: M', NULL, 1, '{https://urqngkygaqaoiwdbqjtj.supabase.co/storage/v1/object/public/uploads/product-1777102285160.webp,https://urqngkygaqaoiwdbqjtj.supabase.co/storage/v1/object/public/uploads/product-1777102286006.webp,https://urqngkygaqaoiwdbqjtj.supabase.co/storage/v1/object/public/uploads/product-1777102286602.webp,https://urqngkygaqaoiwdbqjtj.supabase.co/storage/v1/object/public/uploads/product-1777102288276.webp,https://urqngkygaqaoiwdbqjtj.supabase.co/storage/v1/object/public/uploads/product-1777102287070.webp,https://urqngkygaqaoiwdbqjtj.supabase.co/storage/v1/object/public/uploads/product-1777102287945.webp,https://urqngkygaqaoiwdbqjtj.supabase.co/storage/v1/object/public/uploads/product-1777102287516.webp}', NULL, NULL, '0968b431-10d8-4922-bc0e-0b152fe8f937', '2026-04-27 07:53:02.55', '2026-04-27 07:53:02.55');
INSERT INTO public."ProductVariant" VALUES ('d8ce2482-a0d3-43ec-bdbd-a0ae298fdca4', 'Color: Black, Size: L', NULL, 1, '{https://urqngkygaqaoiwdbqjtj.supabase.co/storage/v1/object/public/uploads/product-1777102285160.webp,https://urqngkygaqaoiwdbqjtj.supabase.co/storage/v1/object/public/uploads/product-1777102286006.webp,https://urqngkygaqaoiwdbqjtj.supabase.co/storage/v1/object/public/uploads/product-1777102286602.webp,https://urqngkygaqaoiwdbqjtj.supabase.co/storage/v1/object/public/uploads/product-1777102288276.webp,https://urqngkygaqaoiwdbqjtj.supabase.co/storage/v1/object/public/uploads/product-1777102287070.webp,https://urqngkygaqaoiwdbqjtj.supabase.co/storage/v1/object/public/uploads/product-1777102287945.webp,https://urqngkygaqaoiwdbqjtj.supabase.co/storage/v1/object/public/uploads/product-1777102287516.webp}', NULL, NULL, '0968b431-10d8-4922-bc0e-0b152fe8f937', '2026-04-27 07:53:02.55', '2026-04-27 07:53:02.55');
INSERT INTO public."ProductVariant" VALUES ('c509a629-4dd6-479e-baca-5f4f1881e5ea', 'Color: Black, Size: XL', NULL, 1, '{https://urqngkygaqaoiwdbqjtj.supabase.co/storage/v1/object/public/uploads/product-1777102285160.webp,https://urqngkygaqaoiwdbqjtj.supabase.co/storage/v1/object/public/uploads/product-1777102286006.webp,https://urqngkygaqaoiwdbqjtj.supabase.co/storage/v1/object/public/uploads/product-1777102286602.webp,https://urqngkygaqaoiwdbqjtj.supabase.co/storage/v1/object/public/uploads/product-1777102288276.webp,https://urqngkygaqaoiwdbqjtj.supabase.co/storage/v1/object/public/uploads/product-1777102287070.webp,https://urqngkygaqaoiwdbqjtj.supabase.co/storage/v1/object/public/uploads/product-1777102287945.webp,https://urqngkygaqaoiwdbqjtj.supabase.co/storage/v1/object/public/uploads/product-1777102287516.webp}', NULL, NULL, '0968b431-10d8-4922-bc0e-0b152fe8f937', '2026-04-27 07:53:02.55', '2026-04-27 07:53:02.55');
INSERT INTO public."ProductVariant" VALUES ('91a62109-947b-432e-97eb-11d7ed67abbc', 'Color: Black, Size: 2XL', NULL, 1, '{https://urqngkygaqaoiwdbqjtj.supabase.co/storage/v1/object/public/uploads/product-1777102285160.webp,https://urqngkygaqaoiwdbqjtj.supabase.co/storage/v1/object/public/uploads/product-1777102286006.webp,https://urqngkygaqaoiwdbqjtj.supabase.co/storage/v1/object/public/uploads/product-1777102286602.webp,https://urqngkygaqaoiwdbqjtj.supabase.co/storage/v1/object/public/uploads/product-1777102288276.webp,https://urqngkygaqaoiwdbqjtj.supabase.co/storage/v1/object/public/uploads/product-1777102287070.webp,https://urqngkygaqaoiwdbqjtj.supabase.co/storage/v1/object/public/uploads/product-1777102287945.webp,https://urqngkygaqaoiwdbqjtj.supabase.co/storage/v1/object/public/uploads/product-1777102287516.webp}', NULL, NULL, '0968b431-10d8-4922-bc0e-0b152fe8f937', '2026-04-27 07:53:02.55', '2026-04-27 07:53:02.55');
INSERT INTO public."ProductVariant" VALUES ('f80f1a34-cb47-4302-a73a-dab57da198b8', 'Color: Rustic Orange, Size: M', NULL, 1, '{https://urqngkygaqaoiwdbqjtj.supabase.co/storage/v1/object/public/uploads/product-1777102536646.webp?v=2,https://urqngkygaqaoiwdbqjtj.supabase.co/storage/v1/object/public/uploads/product-1777102537142.webp?v=2,https://urqngkygaqaoiwdbqjtj.supabase.co/storage/v1/object/public/uploads/product-1777102537583.webp?v=2,https://urqngkygaqaoiwdbqjtj.supabase.co/storage/v1/object/public/uploads/product-1777102538470.webp?v=2,https://urqngkygaqaoiwdbqjtj.supabase.co/storage/v1/object/public/uploads/product-1777102538038.webp?v=2,https://urqngkygaqaoiwdbqjtj.supabase.co/storage/v1/object/public/uploads/product-1777102539332.webp?v=2,https://urqngkygaqaoiwdbqjtj.supabase.co/storage/v1/object/public/uploads/product-1777102539758.webp?v=2}', NULL, NULL, 'f71dfc3d-062b-4a48-8606-22ce34dabd4a', '2026-04-29 06:33:18.055', '2026-04-29 06:33:18.055');
INSERT INTO public."ProductVariant" VALUES ('7e2da9a7-04b5-4311-85ef-c6c42627cdfa', 'Color: Rustic Orange, Size: L', NULL, 1, '{https://urqngkygaqaoiwdbqjtj.supabase.co/storage/v1/object/public/uploads/product-1777102536646.webp?v=2,https://urqngkygaqaoiwdbqjtj.supabase.co/storage/v1/object/public/uploads/product-1777102537142.webp?v=2,https://urqngkygaqaoiwdbqjtj.supabase.co/storage/v1/object/public/uploads/product-1777102537583.webp?v=2,https://urqngkygaqaoiwdbqjtj.supabase.co/storage/v1/object/public/uploads/product-1777102538470.webp?v=2,https://urqngkygaqaoiwdbqjtj.supabase.co/storage/v1/object/public/uploads/product-1777102538038.webp?v=2,https://urqngkygaqaoiwdbqjtj.supabase.co/storage/v1/object/public/uploads/product-1777102539332.webp?v=2,https://urqngkygaqaoiwdbqjtj.supabase.co/storage/v1/object/public/uploads/product-1777102539758.webp?v=2}', NULL, NULL, 'f71dfc3d-062b-4a48-8606-22ce34dabd4a', '2026-04-29 06:33:18.055', '2026-04-29 06:33:18.055');
INSERT INTO public."ProductVariant" VALUES ('29ec9b60-83f1-4125-8b08-83eb1817bf7c', 'Color: Rustic Orange, Size: XL', NULL, 1, '{https://urqngkygaqaoiwdbqjtj.supabase.co/storage/v1/object/public/uploads/product-1777102536646.webp?v=2,https://urqngkygaqaoiwdbqjtj.supabase.co/storage/v1/object/public/uploads/product-1777102537142.webp?v=2,https://urqngkygaqaoiwdbqjtj.supabase.co/storage/v1/object/public/uploads/product-1777102537583.webp?v=2,https://urqngkygaqaoiwdbqjtj.supabase.co/storage/v1/object/public/uploads/product-1777102538470.webp?v=2,https://urqngkygaqaoiwdbqjtj.supabase.co/storage/v1/object/public/uploads/product-1777102538038.webp?v=2,https://urqngkygaqaoiwdbqjtj.supabase.co/storage/v1/object/public/uploads/product-1777102539332.webp?v=2,https://urqngkygaqaoiwdbqjtj.supabase.co/storage/v1/object/public/uploads/product-1777102539758.webp?v=2}', NULL, NULL, 'f71dfc3d-062b-4a48-8606-22ce34dabd4a', '2026-04-29 06:33:18.055', '2026-04-29 06:33:18.055');
INSERT INTO public."ProductVariant" VALUES ('20db74fe-20ea-4798-bf4d-ff46bfc3ed84', 'Color: Rustic Orange, Size: 2XL', NULL, 1, '{https://urqngkygaqaoiwdbqjtj.supabase.co/storage/v1/object/public/uploads/product-1777102536646.webp?v=2,https://urqngkygaqaoiwdbqjtj.supabase.co/storage/v1/object/public/uploads/product-1777102537142.webp?v=2,https://urqngkygaqaoiwdbqjtj.supabase.co/storage/v1/object/public/uploads/product-1777102537583.webp?v=2,https://urqngkygaqaoiwdbqjtj.supabase.co/storage/v1/object/public/uploads/product-1777102538470.webp?v=2,https://urqngkygaqaoiwdbqjtj.supabase.co/storage/v1/object/public/uploads/product-1777102538038.webp?v=2,https://urqngkygaqaoiwdbqjtj.supabase.co/storage/v1/object/public/uploads/product-1777102539332.webp?v=2,https://urqngkygaqaoiwdbqjtj.supabase.co/storage/v1/object/public/uploads/product-1777102539758.webp?v=2}', NULL, NULL, 'f71dfc3d-062b-4a48-8606-22ce34dabd4a', '2026-04-29 06:33:18.055', '2026-04-29 06:33:18.055');
INSERT INTO public."ProductVariant" VALUES ('6b6aa834-0844-4ead-9bb6-9379a8c24c1c', 'Color: Dark Orange, Size: M', NULL, 1, '{https://urqngkygaqaoiwdbqjtj.supabase.co/storage/v1/object/public/uploads/product-1777102431705.webp?v=2,https://urqngkygaqaoiwdbqjtj.supabase.co/storage/v1/object/public/uploads/product-1777102429985.webp?v=2,https://urqngkygaqaoiwdbqjtj.supabase.co/storage/v1/object/public/uploads/product-1777102431294.webp?v=2,https://urqngkygaqaoiwdbqjtj.supabase.co/storage/v1/object/public/uploads/product-1777102430891.webp?v=2,https://urqngkygaqaoiwdbqjtj.supabase.co/storage/v1/object/public/uploads/product-1777102430434.webp?v=2,https://urqngkygaqaoiwdbqjtj.supabase.co/storage/v1/object/public/uploads/product-1777102428542.webp?v=2,https://urqngkygaqaoiwdbqjtj.supabase.co/storage/v1/object/public/uploads/product-1777102429279.webp?v=2}', NULL, NULL, '439b5c59-cf77-4653-9e67-dc5876426ea2', '2026-04-29 06:35:29.906', '2026-04-29 06:35:29.906');
INSERT INTO public."ProductVariant" VALUES ('22c1d19b-f1e9-45b3-98a2-c7937af72170', 'Color: Dark Orange, Size: L', NULL, 1, '{https://urqngkygaqaoiwdbqjtj.supabase.co/storage/v1/object/public/uploads/product-1777102431705.webp?v=2,https://urqngkygaqaoiwdbqjtj.supabase.co/storage/v1/object/public/uploads/product-1777102429985.webp?v=2,https://urqngkygaqaoiwdbqjtj.supabase.co/storage/v1/object/public/uploads/product-1777102431294.webp?v=2,https://urqngkygaqaoiwdbqjtj.supabase.co/storage/v1/object/public/uploads/product-1777102430891.webp?v=2,https://urqngkygaqaoiwdbqjtj.supabase.co/storage/v1/object/public/uploads/product-1777102430434.webp?v=2,https://urqngkygaqaoiwdbqjtj.supabase.co/storage/v1/object/public/uploads/product-1777102428542.webp?v=2,https://urqngkygaqaoiwdbqjtj.supabase.co/storage/v1/object/public/uploads/product-1777102429279.webp?v=2}', NULL, NULL, '439b5c59-cf77-4653-9e67-dc5876426ea2', '2026-04-29 06:35:29.906', '2026-04-29 06:35:29.906');
INSERT INTO public."ProductVariant" VALUES ('fb792f1e-e2c5-4877-9ba7-4e672a9787ee', 'Color: Dark Orange, Size: 2XL', NULL, 1, '{https://urqngkygaqaoiwdbqjtj.supabase.co/storage/v1/object/public/uploads/product-1777102431705.webp?v=2,https://urqngkygaqaoiwdbqjtj.supabase.co/storage/v1/object/public/uploads/product-1777102429985.webp?v=2,https://urqngkygaqaoiwdbqjtj.supabase.co/storage/v1/object/public/uploads/product-1777102431294.webp?v=2,https://urqngkygaqaoiwdbqjtj.supabase.co/storage/v1/object/public/uploads/product-1777102430891.webp?v=2,https://urqngkygaqaoiwdbqjtj.supabase.co/storage/v1/object/public/uploads/product-1777102430434.webp?v=2,https://urqngkygaqaoiwdbqjtj.supabase.co/storage/v1/object/public/uploads/product-1777102428542.webp?v=2,https://urqngkygaqaoiwdbqjtj.supabase.co/storage/v1/object/public/uploads/product-1777102429279.webp?v=2}', NULL, NULL, '439b5c59-cf77-4653-9e67-dc5876426ea2', '2026-04-29 06:35:29.906', '2026-04-29 06:35:29.906');
INSERT INTO public."ProductVariant" VALUES ('2b12425c-1de9-41fc-a257-23e580a02a6b', 'Color: Dark Orange, Size: XL', NULL, 0, '{https://urqngkygaqaoiwdbqjtj.supabase.co/storage/v1/object/public/uploads/product-1777102431705.webp?v=2,https://urqngkygaqaoiwdbqjtj.supabase.co/storage/v1/object/public/uploads/product-1777102429985.webp?v=2,https://urqngkygaqaoiwdbqjtj.supabase.co/storage/v1/object/public/uploads/product-1777102431294.webp?v=2,https://urqngkygaqaoiwdbqjtj.supabase.co/storage/v1/object/public/uploads/product-1777102430891.webp?v=2,https://urqngkygaqaoiwdbqjtj.supabase.co/storage/v1/object/public/uploads/product-1777102430434.webp?v=2,https://urqngkygaqaoiwdbqjtj.supabase.co/storage/v1/object/public/uploads/product-1777102428542.webp?v=2,https://urqngkygaqaoiwdbqjtj.supabase.co/storage/v1/object/public/uploads/product-1777102429279.webp?v=2}', NULL, NULL, '439b5c59-cf77-4653-9e67-dc5876426ea2', '2026-04-29 06:35:29.906', '2026-04-30 12:06:50.055');
INSERT INTO public."ProductVariant" VALUES ('97a15289-f76b-4f8d-b7a6-19cd2f0b6611', 'Color: Red , Size: L', NULL, 1, '{https://urqngkygaqaoiwdbqjtj.supabase.co/storage/v1/object/public/uploads/product-1777103141793.webp,https://urqngkygaqaoiwdbqjtj.supabase.co/storage/v1/object/public/uploads/product-1777103143732.webp,https://urqngkygaqaoiwdbqjtj.supabase.co/storage/v1/object/public/uploads/product-1777103141272.webp,https://urqngkygaqaoiwdbqjtj.supabase.co/storage/v1/object/public/uploads/product-1777103144600.webp,https://urqngkygaqaoiwdbqjtj.supabase.co/storage/v1/object/public/uploads/product-1777103145052.webp,https://urqngkygaqaoiwdbqjtj.supabase.co/storage/v1/object/public/uploads/product-1777103145578.webp,https://urqngkygaqaoiwdbqjtj.supabase.co/storage/v1/object/public/uploads/product-1777103142300.webp,https://urqngkygaqaoiwdbqjtj.supabase.co/storage/v1/object/public/uploads/product-1777103142783.webp}', NULL, NULL, '736fbb5e-87bd-4bf4-9209-ba5c6f700fca', '2026-04-25 11:56:31.977', '2026-04-25 11:56:31.977');
INSERT INTO public."ProductVariant" VALUES ('799f7336-65dd-402d-b188-81615e5071f0', 'Color: Red , Size: 2XL', NULL, 1, '{https://urqngkygaqaoiwdbqjtj.supabase.co/storage/v1/object/public/uploads/product-1777103141793.webp,https://urqngkygaqaoiwdbqjtj.supabase.co/storage/v1/object/public/uploads/product-1777103143732.webp,https://urqngkygaqaoiwdbqjtj.supabase.co/storage/v1/object/public/uploads/product-1777103141272.webp,https://urqngkygaqaoiwdbqjtj.supabase.co/storage/v1/object/public/uploads/product-1777103144600.webp,https://urqngkygaqaoiwdbqjtj.supabase.co/storage/v1/object/public/uploads/product-1777103145052.webp,https://urqngkygaqaoiwdbqjtj.supabase.co/storage/v1/object/public/uploads/product-1777103145578.webp,https://urqngkygaqaoiwdbqjtj.supabase.co/storage/v1/object/public/uploads/product-1777103142300.webp,https://urqngkygaqaoiwdbqjtj.supabase.co/storage/v1/object/public/uploads/product-1777103142783.webp}', NULL, NULL, '736fbb5e-87bd-4bf4-9209-ba5c6f700fca', '2026-04-25 11:56:31.977', '2026-04-25 11:56:31.977');
INSERT INTO public."ProductVariant" VALUES ('13365f2f-dceb-41d4-a717-afca84117ad2', 'Color: Red , Size: XL', NULL, 1, '{https://urqngkygaqaoiwdbqjtj.supabase.co/storage/v1/object/public/uploads/product-1777103141793.webp,https://urqngkygaqaoiwdbqjtj.supabase.co/storage/v1/object/public/uploads/product-1777103143732.webp,https://urqngkygaqaoiwdbqjtj.supabase.co/storage/v1/object/public/uploads/product-1777103141272.webp,https://urqngkygaqaoiwdbqjtj.supabase.co/storage/v1/object/public/uploads/product-1777103144600.webp,https://urqngkygaqaoiwdbqjtj.supabase.co/storage/v1/object/public/uploads/product-1777103145052.webp,https://urqngkygaqaoiwdbqjtj.supabase.co/storage/v1/object/public/uploads/product-1777103145578.webp,https://urqngkygaqaoiwdbqjtj.supabase.co/storage/v1/object/public/uploads/product-1777103142300.webp,https://urqngkygaqaoiwdbqjtj.supabase.co/storage/v1/object/public/uploads/product-1777103142783.webp}', NULL, NULL, '736fbb5e-87bd-4bf4-9209-ba5c6f700fca', '2026-04-25 11:56:31.977', '2026-04-25 11:56:31.977');
INSERT INTO public."ProductVariant" VALUES ('742ccde2-d208-4003-a58a-cfaf4e40d744', 'Color: Red , Size: M', NULL, 1, '{https://urqngkygaqaoiwdbqjtj.supabase.co/storage/v1/object/public/uploads/product-1777103141793.webp,https://urqngkygaqaoiwdbqjtj.supabase.co/storage/v1/object/public/uploads/product-1777103143732.webp,https://urqngkygaqaoiwdbqjtj.supabase.co/storage/v1/object/public/uploads/product-1777103141272.webp,https://urqngkygaqaoiwdbqjtj.supabase.co/storage/v1/object/public/uploads/product-1777103144600.webp,https://urqngkygaqaoiwdbqjtj.supabase.co/storage/v1/object/public/uploads/product-1777103145052.webp,https://urqngkygaqaoiwdbqjtj.supabase.co/storage/v1/object/public/uploads/product-1777103145578.webp,https://urqngkygaqaoiwdbqjtj.supabase.co/storage/v1/object/public/uploads/product-1777103142300.webp,https://urqngkygaqaoiwdbqjtj.supabase.co/storage/v1/object/public/uploads/product-1777103142783.webp}', NULL, NULL, '736fbb5e-87bd-4bf4-9209-ba5c6f700fca', '2026-04-25 11:56:31.977', '2026-04-25 11:56:31.977');
INSERT INTO public."ProductVariant" VALUES ('71ee9af8-d29f-4f83-82bd-2547ad3bcfab', 'Color: Pink, Size: XL', NULL, 1, '{https://urqngkygaqaoiwdbqjtj.supabase.co/storage/v1/object/public/uploads/product-1777102379720.webp?v=2,https://urqngkygaqaoiwdbqjtj.supabase.co/storage/v1/object/public/uploads/product-1777102378213.webp?v=2,https://urqngkygaqaoiwdbqjtj.supabase.co/storage/v1/object/public/uploads/product-1777102377544.webp?v=2,https://urqngkygaqaoiwdbqjtj.supabase.co/storage/v1/object/public/uploads/product-1777102378672.webp?v=2,https://urqngkygaqaoiwdbqjtj.supabase.co/storage/v1/object/public/uploads/product-1777102379174.webp?v=2,https://urqngkygaqaoiwdbqjtj.supabase.co/storage/v1/object/public/uploads/product-1777102380309.webp?v=2,https://urqngkygaqaoiwdbqjtj.supabase.co/storage/v1/object/public/uploads/product-1777102380759.webp?v=2}', NULL, NULL, 'fe54a318-76b9-4577-81d5-1d767029149d', '2026-04-29 06:36:30.086', '2026-04-29 06:36:30.086');


--
-- Data for Name: Profile; Type: TABLE DATA; Schema: public; Owner: -
--



--
-- Data for Name: ReturnRequest; Type: TABLE DATA; Schema: public; Owner: -
--



--
-- Data for Name: Review; Type: TABLE DATA; Schema: public; Owner: -
--

INSERT INTO public."Review" VALUES ('aaa33092-b70f-4982-8482-7fea05a3d182', 5, 'Was a little skeptical ordering from Ghar Of Ethnics at first, but sooo glad I did! 😍

The quality is absolutely top-notch ✨ packaging was beautiful, and the fit? Just perfect! 💯

And the best part… a sweet note + cute earrings 🎁💕 such a thoughtful touch!

The product looks exactly like the pictures on the website (rare win 🙌)

Totally worth it! Thank you Team Ghar Of Ethnics ❤️

#HappyCustomer #EthnicWear #OnlineShoppingWin #WorthIt', 'Priti Singh ', 'nitesh9singh@gmail.com', NULL, '{}', '6004ffab-7236-44df-a1f6-c1145c40367e', '2026-04-29 12:07:23.572');


--
-- Data for Name: Sale; Type: TABLE DATA; Schema: public; Owner: -
--

INSERT INTO public."Sale" VALUES ('8a0e7db9-d01b-4e58-b296-2490673a2757', 'fe54a318-76b9-4577-81d5-1d767029149d', 1, 2099, 'Website', '2026-04-28 04:30:11.992', 'rejilalohithakshan@gmail.com', 'Rejila Lohithakshan', '9747000112', NULL, 'pay_SimUX09s86xdVt', 'razorpay', '668f0e16-a959-4347-b413-029ad7c02104');
INSERT INTO public."Sale" VALUES ('098b4394-b711-4f50-b9bd-e85159a74d8d', '600a0a7f-ae4a-4414-8b06-7e55090b93aa', 1, 2399, 'Website', '2026-04-28 16:57:43.241', 'sugeesh1978@yahoo.com', 'Noopur  Gupta', '9868449673', NULL, 'pay_SizEM8Gvtl1IQn', 'razorpay', 'ebe14aec-920c-4048-965d-004bdd82fb66');
INSERT INTO public."Sale" VALUES ('96d1bfe6-79ce-40f9-9c03-82abea9b6309', 'd25bf760-b535-4755-91ec-aeca8b163832', 1, 1299, 'Website', '2026-04-29 04:25:26.585', 'mona.miracles@gmail.com', 'Mona Choudhary', '9717283122', NULL, 'pay_SjAwhSHfYCsIZL', 'razorpay', '7455f121-a59b-4c30-bbf0-17f83f78f67b');


--
-- Data for Name: Shipment; Type: TABLE DATA; Schema: public; Owner: -
--

INSERT INTO public."Shipment" VALUES ('3d10e608-f351-454b-b4eb-313373b71cd0', '68f3668a-15f5-4fe2-8f9a-06bc95068dc0', 'SRSP3517066565', '1303643116', 'Ekart Logistics Surface', 'CANCELLED', 'https://shiprocket-db-mum.s3.ap-south-1.amazonaws.com/pdfs/label_9793199_019dc45a-37f0-7304-bde1-5c85f06afb68.pdf', '2026-04-25 11:15:26.234+00', '2026-04-25 11:16:01.795+00');
INSERT INTO public."Shipment" VALUES ('bbbba4d7-1b2f-4023-9a05-549584f5cde1', '668f0e16-a959-4347-b413-029ad7c02104', '368945883233', '1308298093', 'Amazon Prepaid Surface 500g', 'AWB_ASSIGNED', 'https://kr-shipmultichannel-mum.s3.ap-south-1.amazonaws.com/9793199/labels/430a0e83f42c9676dbbbedbe3c8169c5final_labels_amazon.pdf', '2026-04-28 04:37:20.987+00', '2026-04-28 04:37:53.477+00');
INSERT INTO public."Shipment" VALUES ('ae7e83d0-306b-49a5-99a9-5ffa51adfab7', '70ab56d1-dbff-45fc-aab1-f3dedac97bbb', 'SF3158100416KR', '1310414530', 'Shadowfax Surface', 'AWB_ASSIGNED', 'https://shiprocket-db-mum.s3.ap-south-1.amazonaws.com/pdfs/label_9793199_019dd80a-f866-7cfe-8bea-842c23aa5afc.pdf', '2026-04-29 07:01:26.764+00', '2026-04-29 07:01:31.057+00');
INSERT INTO public."Shipment" VALUES ('0cef5f58-7b36-4f4e-b2bd-65906f271b87', '7455f121-a59b-4c30-bbf0-17f83f78f67b', '14112362134240', '1310117762', 'Xpressbees Surface', 'AWB_ASSIGNED', 'https://shiprocket-db-mum.s3.ap-south-1.amazonaws.com/pdfs/label_9793199_019dddbf-21e0-7dad-8afc-2831521b3292.pdf', '2026-04-29 04:30:33.505+00', '2026-04-30 09:36:24.319+00');
INSERT INTO public."Shipment" VALUES ('78feb4f0-2897-40cf-ac80-e78477b6fdae', '43fc6a26-7274-422f-bf3f-ce47ec50c400', 'SRSP8369538951', '1313126357', 'Ekart Logistics Surface', 'AWB_ASSIGNED', 'https://kr-shipmultichannel-mum.s3.ap-south-1.amazonaws.com/9793199/labels/b61ac3185c2edfe259ca225efef03337final_labels_amazon.pdf', '2026-04-30 12:24:26.658+00', '2026-04-30 12:33:00.295+00');
INSERT INTO public."Shipment" VALUES ('3a777ead-9a5d-448d-a96a-5d0d2a2122db', 'ebe14aec-920c-4048-965d-004bdd82fb66', '14112362133812', '1309681074', 'Xpressbees Surface', 'AWB_ASSIGNED', 'https://shiprocket-db-mum.s3.ap-south-1.amazonaws.com/pdfs/label_9793199_019ddf3d-1067-75cc-a7fa-b7a9f3fe3f0a.pdf', '2026-04-28 17:01:20.408+00', '2026-04-30 16:33:34.392+00');


--
-- Data for Name: _CategoryToProduct; Type: TABLE DATA; Schema: public; Owner: -
--

INSERT INTO public."_CategoryToProduct" VALUES ('d95bc219-c235-4e52-9593-d12b491f8abd', '478cec6d-1759-4ed4-88c2-326313a8d245');
INSERT INTO public."_CategoryToProduct" VALUES ('ad97e691-78ce-4497-94bc-65025e7c4c23', '478cec6d-1759-4ed4-88c2-326313a8d245');
INSERT INTO public."_CategoryToProduct" VALUES ('013fac9e-9fcd-4f20-a873-a2e9cc7190ba', '478cec6d-1759-4ed4-88c2-326313a8d245');
INSERT INTO public."_CategoryToProduct" VALUES ('d95bc219-c235-4e52-9593-d12b491f8abd', '0968b431-10d8-4922-bc0e-0b152fe8f937');
INSERT INTO public."_CategoryToProduct" VALUES ('ad97e691-78ce-4497-94bc-65025e7c4c23', '0968b431-10d8-4922-bc0e-0b152fe8f937');
INSERT INTO public."_CategoryToProduct" VALUES ('013fac9e-9fcd-4f20-a873-a2e9cc7190ba', '0968b431-10d8-4922-bc0e-0b152fe8f937');
INSERT INTO public."_CategoryToProduct" VALUES ('d95bc219-c235-4e52-9593-d12b491f8abd', '736fbb5e-87bd-4bf4-9209-ba5c6f700fca');
INSERT INTO public."_CategoryToProduct" VALUES ('ad97e691-78ce-4497-94bc-65025e7c4c23', '736fbb5e-87bd-4bf4-9209-ba5c6f700fca');
INSERT INTO public."_CategoryToProduct" VALUES ('013fac9e-9fcd-4f20-a873-a2e9cc7190ba', '736fbb5e-87bd-4bf4-9209-ba5c6f700fca');
INSERT INTO public."_CategoryToProduct" VALUES ('d95bc219-c235-4e52-9593-d12b491f8abd', '5bc3412a-cf30-432d-9a87-0c4160de3bda');
INSERT INTO public."_CategoryToProduct" VALUES ('ad97e691-78ce-4497-94bc-65025e7c4c23', '5bc3412a-cf30-432d-9a87-0c4160de3bda');
INSERT INTO public."_CategoryToProduct" VALUES ('013fac9e-9fcd-4f20-a873-a2e9cc7190ba', '5bc3412a-cf30-432d-9a87-0c4160de3bda');
INSERT INTO public."_CategoryToProduct" VALUES ('d95bc219-c235-4e52-9593-d12b491f8abd', '600a0a7f-ae4a-4414-8b06-7e55090b93aa');
INSERT INTO public."_CategoryToProduct" VALUES ('ad97e691-78ce-4497-94bc-65025e7c4c23', '600a0a7f-ae4a-4414-8b06-7e55090b93aa');
INSERT INTO public."_CategoryToProduct" VALUES ('013fac9e-9fcd-4f20-a873-a2e9cc7190ba', '600a0a7f-ae4a-4414-8b06-7e55090b93aa');
INSERT INTO public."_CategoryToProduct" VALUES ('d95bc219-c235-4e52-9593-d12b491f8abd', '64932421-c97c-432a-9b89-f22c522763cc');
INSERT INTO public."_CategoryToProduct" VALUES ('ad97e691-78ce-4497-94bc-65025e7c4c23', '64932421-c97c-432a-9b89-f22c522763cc');
INSERT INTO public."_CategoryToProduct" VALUES ('013fac9e-9fcd-4f20-a873-a2e9cc7190ba', '64932421-c97c-432a-9b89-f22c522763cc');
INSERT INTO public."_CategoryToProduct" VALUES ('d95bc219-c235-4e52-9593-d12b491f8abd', 'e80ea23f-a3e4-460f-a540-c2fc805d3dd8');
INSERT INTO public."_CategoryToProduct" VALUES ('ad97e691-78ce-4497-94bc-65025e7c4c23', 'e80ea23f-a3e4-460f-a540-c2fc805d3dd8');
INSERT INTO public."_CategoryToProduct" VALUES ('013fac9e-9fcd-4f20-a873-a2e9cc7190ba', 'e80ea23f-a3e4-460f-a540-c2fc805d3dd8');
INSERT INTO public."_CategoryToProduct" VALUES ('d95bc219-c235-4e52-9593-d12b491f8abd', '6004ffab-7236-44df-a1f6-c1145c40367e');
INSERT INTO public."_CategoryToProduct" VALUES ('ad97e691-78ce-4497-94bc-65025e7c4c23', '6004ffab-7236-44df-a1f6-c1145c40367e');
INSERT INTO public."_CategoryToProduct" VALUES ('013fac9e-9fcd-4f20-a873-a2e9cc7190ba', '6004ffab-7236-44df-a1f6-c1145c40367e');
INSERT INTO public."_CategoryToProduct" VALUES ('d95bc219-c235-4e52-9593-d12b491f8abd', 'a59a0ce1-5f0a-4e94-b59e-76a403ca9ed0');
INSERT INTO public."_CategoryToProduct" VALUES ('ad97e691-78ce-4497-94bc-65025e7c4c23', 'a59a0ce1-5f0a-4e94-b59e-76a403ca9ed0');
INSERT INTO public."_CategoryToProduct" VALUES ('013fac9e-9fcd-4f20-a873-a2e9cc7190ba', 'a59a0ce1-5f0a-4e94-b59e-76a403ca9ed0');
INSERT INTO public."_CategoryToProduct" VALUES ('d95bc219-c235-4e52-9593-d12b491f8abd', 'f71dfc3d-062b-4a48-8606-22ce34dabd4a');
INSERT INTO public."_CategoryToProduct" VALUES ('ad97e691-78ce-4497-94bc-65025e7c4c23', 'f71dfc3d-062b-4a48-8606-22ce34dabd4a');
INSERT INTO public."_CategoryToProduct" VALUES ('013fac9e-9fcd-4f20-a873-a2e9cc7190ba', 'f71dfc3d-062b-4a48-8606-22ce34dabd4a');
INSERT INTO public."_CategoryToProduct" VALUES ('d95bc219-c235-4e52-9593-d12b491f8abd', '439b5c59-cf77-4653-9e67-dc5876426ea2');
INSERT INTO public."_CategoryToProduct" VALUES ('ad97e691-78ce-4497-94bc-65025e7c4c23', '439b5c59-cf77-4653-9e67-dc5876426ea2');
INSERT INTO public."_CategoryToProduct" VALUES ('013fac9e-9fcd-4f20-a873-a2e9cc7190ba', '439b5c59-cf77-4653-9e67-dc5876426ea2');
INSERT INTO public."_CategoryToProduct" VALUES ('d95bc219-c235-4e52-9593-d12b491f8abd', 'a9d1a05f-eb33-4ad3-bda2-fa611aaf5c7b');
INSERT INTO public."_CategoryToProduct" VALUES ('ad97e691-78ce-4497-94bc-65025e7c4c23', 'a9d1a05f-eb33-4ad3-bda2-fa611aaf5c7b');
INSERT INTO public."_CategoryToProduct" VALUES ('d95bc219-c235-4e52-9593-d12b491f8abd', 'a94742a6-d946-4d41-bed1-effeb7bd3fb4');
INSERT INTO public."_CategoryToProduct" VALUES ('ad97e691-78ce-4497-94bc-65025e7c4c23', 'a94742a6-d946-4d41-bed1-effeb7bd3fb4');
INSERT INTO public."_CategoryToProduct" VALUES ('013fac9e-9fcd-4f20-a873-a2e9cc7190ba', 'a94742a6-d946-4d41-bed1-effeb7bd3fb4');
INSERT INTO public."_CategoryToProduct" VALUES ('013fac9e-9fcd-4f20-a873-a2e9cc7190ba', 'a9d1a05f-eb33-4ad3-bda2-fa611aaf5c7b');
INSERT INTO public."_CategoryToProduct" VALUES ('d95bc219-c235-4e52-9593-d12b491f8abd', 'fe54a318-76b9-4577-81d5-1d767029149d');
INSERT INTO public."_CategoryToProduct" VALUES ('ad97e691-78ce-4497-94bc-65025e7c4c23', 'fe54a318-76b9-4577-81d5-1d767029149d');
INSERT INTO public."_CategoryToProduct" VALUES ('013fac9e-9fcd-4f20-a873-a2e9cc7190ba', 'fe54a318-76b9-4577-81d5-1d767029149d');
INSERT INTO public."_CategoryToProduct" VALUES ('d95bc219-c235-4e52-9593-d12b491f8abd', 'd25bf760-b535-4755-91ec-aeca8b163832');
INSERT INTO public."_CategoryToProduct" VALUES ('ad97e691-78ce-4497-94bc-65025e7c4c23', 'd25bf760-b535-4755-91ec-aeca8b163832');
INSERT INTO public."_CategoryToProduct" VALUES ('013fac9e-9fcd-4f20-a873-a2e9cc7190ba', 'd25bf760-b535-4755-91ec-aeca8b163832');
INSERT INTO public."_CategoryToProduct" VALUES ('d95bc219-c235-4e52-9593-d12b491f8abd', '42967ced-2bb4-4a1f-b13c-4b143b150452');
INSERT INTO public."_CategoryToProduct" VALUES ('ad97e691-78ce-4497-94bc-65025e7c4c23', '42967ced-2bb4-4a1f-b13c-4b143b150452');
INSERT INTO public."_CategoryToProduct" VALUES ('013fac9e-9fcd-4f20-a873-a2e9cc7190ba', '42967ced-2bb4-4a1f-b13c-4b143b150452');


--
-- Data for Name: _CollectionToProduct; Type: TABLE DATA; Schema: public; Owner: -
--

INSERT INTO public."_CollectionToProduct" VALUES ('bd4b5c35-f627-4ab8-a217-fa3c509e5db9', '0968b431-10d8-4922-bc0e-0b152fe8f937');
INSERT INTO public."_CollectionToProduct" VALUES ('92ebe55e-a7f7-4dcf-8666-921c38f4614a', '5bc3412a-cf30-432d-9a87-0c4160de3bda');
INSERT INTO public."_CollectionToProduct" VALUES ('92ebe55e-a7f7-4dcf-8666-921c38f4614a', '600a0a7f-ae4a-4414-8b06-7e55090b93aa');
INSERT INTO public."_CollectionToProduct" VALUES ('a852100a-2a1e-416c-b5c8-206f44732279', '600a0a7f-ae4a-4414-8b06-7e55090b93aa');
INSERT INTO public."_CollectionToProduct" VALUES ('92ebe55e-a7f7-4dcf-8666-921c38f4614a', '64932421-c97c-432a-9b89-f22c522763cc');
INSERT INTO public."_CollectionToProduct" VALUES ('92ebe55e-a7f7-4dcf-8666-921c38f4614a', 'e80ea23f-a3e4-460f-a540-c2fc805d3dd8');
INSERT INTO public."_CollectionToProduct" VALUES ('92ebe55e-a7f7-4dcf-8666-921c38f4614a', 'a59a0ce1-5f0a-4e94-b59e-76a403ca9ed0');
INSERT INTO public."_CollectionToProduct" VALUES ('bd4b5c35-f627-4ab8-a217-fa3c509e5db9', 'd25bf760-b535-4755-91ec-aeca8b163832');
INSERT INTO public."_CollectionToProduct" VALUES ('a852100a-2a1e-416c-b5c8-206f44732279', '42967ced-2bb4-4a1f-b13c-4b143b150452');
INSERT INTO public."_CollectionToProduct" VALUES ('bd4b5c35-f627-4ab8-a217-fa3c509e5db9', '478cec6d-1759-4ed4-88c2-326313a8d245');
INSERT INTO public."_CollectionToProduct" VALUES ('bd4b5c35-f627-4ab8-a217-fa3c509e5db9', '736fbb5e-87bd-4bf4-9209-ba5c6f700fca');
INSERT INTO public."_CollectionToProduct" VALUES ('bd4b5c35-f627-4ab8-a217-fa3c509e5db9', 'a94742a6-d946-4d41-bed1-effeb7bd3fb4');


--
-- Data for Name: profiles; Type: TABLE DATA; Schema: public; Owner: -
--

INSERT INTO public.profiles VALUES ('aaf564e2-7454-4035-8305-1704619072ef', 'admin@admin.com', 'admin');


--
-- PostgreSQL database dump complete
--

\unrestrict mf2eacNw7tacQ262lcR3zlrc7RUh50w7RyA7Cw4jVW5ToWIcHPWIIPYQm7um85Q

